selected_index,symbol,state,detail,price_history_rows,data_timestamp,provider,provider_error,avg_dollar_volume,market_cap,final_score
1,AAPL,ranked,ranked and included in full_ranking.csv,506,2026-06-09T04:00:00+00:00,alpaca,,466402928.54,4267410980864.0,66.63
2,MSFT,ranked,ranked and included in full_ranking.csv,506,2026-06-09T04:00:00+00:00,alpaca,,403109842.7,2996704903168.0,50.83
3,NVDA,ranked,ranked and included in full_ranking.csv,506,2026-06-09T04:00:00+00:00,alpaca,,1087832757.43,5042570002432.0,66.87
4,AMZN,ranked,ranked and included in full_ranking.csv,506,2026-06-09T04:00:00+00:00,alpaca,,487530169.88,2626778562560.0,57.39
5,META,ranked,ranked and included in full_ranking.csv,506,2026-06-09T04:00:00+00:00,alpaca,,311765488.45,1483936890880.0,49.06
6,GOOGL,ranked,ranked and included in full_ranking.csv,506,2026-06-09T04:00:00+00:00,alpaca,,393221274.35,4442127073280.0,66.34
7,AVGO,ranked,ranked and included in full_ranking.csv,506,2026-06-09T04:00:00+00:00,alpaca,,370074462.84,1865732718592.0,51.77
8,TSLA,ranked,ranked and included in full_ranking.csv,506,2026-06-09T04:00:00+00:00,alpaca,,320655549.16,1489820450816.0,40.92
9,NFLX,ranked,ranked and included in full_ranking.csv,506,2026-06-09T04:00:00+00:00,alpaca,,186860898.57,342801121280.0,48.84
10,AMD,ranked,ranked and included in full_ranking.csv,506,2026-06-09T04:00:00+00:00,alpaca,,315264025.1,775358709760.0,57.44
11,ORCL,ranked,ranked and included in full_ranking.csv,506,2026-06-09T04:00:00+00:00,alpaca,,130647245.86,591919054848.0,45.85
12,CRM,ranked,ranked and included in full_ranking.csv,506,2026-06-09T04:00:00+00:00,alpaca,,110007667.45,143611658240.0,53.64
13,ADBE,ranked,ranked and included in full_ranking.csv,506,2026-06-09T04:00:00+00:00,alpaca,,46485968.47,96151101440.0,48.99
14,INTU,ranked,ranked and included in full_ranking.csv,506,2026-06-09T04:00:00+00:00,alpaca,,125540830.78,80359694336.0,33.05
15,QCOM,ranked,ranked and included in full_ranking.csv,506,2026-06-09T04:00:00+00:00,alpaca,,145809094.05,216512675840.0,55.75
16,MU,ranked,ranked and included in full_ranking.csv,506,2026-06-09T04:00:00+00:00,alpaca,,781640564.65,1055434997760.0,52.12
17,PANW,ranked,ranked and included in full_ranking.csv,506,2026-06-09T04:00:00+00:00,alpaca,,102966371.24,212323794944.0,55.1
18,CRWD,ranked,ranked and included in full_ranking.csv,506,2026-06-09T04:00:00+00:00,alpaca,,93206902.09,164176478208.0,42.94
19,DDOG,ranked,ranked and included in full_ranking.csv,506,2026-06-09T04:00:00+00:00,alpaca,,69570579.05,80923992064.0,49.23
20,SNOW,ranked,ranked and included in full_ranking.csv,506,2026-06-09T04:00:00+00:00,alpaca,,105345101.59,83066159104.0,38.47
21,PLTR,ranked,ranked and included in full_ranking.csv,506,2026-06-09T04:00:00+00:00,alpaca,,154272717.81,316613001216.0,36.93
22,SHOP,ranked,ranked and included in full_ranking.csv,506,2026-06-09T04:00:00+00:00,alpaca,,51337986.01,143287025664.0,42.56
23,NOW,ranked,ranked and included in full_ranking.csv,506,2026-06-09T04:00:00+00:00,alpaca,,141266478.0,110319017984.0,37.1
24,ANET,ranked,ranked and included in full_ranking.csv,506,2026-06-09T04:00:00+00:00,alpaca,,70967331.53,191595216896.0,51.1
25,INTC,ranked,ranked and included in full_ranking.csv,506,2026-06-09T04:00:00+00:00,alpaca,,369806509.79,542405885952.0,39.11
26,ARM,ranked,ranked and included in full_ranking.csv,506,2026-06-09T04:00:00+00:00,alpaca,,115961382.16,346976059392.0,48.01
27,ASML,ranked,ranked and included in full_ranking.csv,506,2026-06-09T04:00:00+00:00,alpaca,,112522128.96,685183991808.0,79.46
28,TSM,ranked,ranked and included in full_ranking.csv,506,2026-06-09T04:00:00+00:00,alpaca,,208758474.09,2219396038656.0,78.15
29,AMAT,ranked,ranked and included in full_ranking.csv,506,2026-06-09T04:00:00+00:00,alpaca,,119795278.89,396352487424.0,73.73
30,LRCX,ranked,ranked and included in full_ranking.csv,506,2026-06-09T04:00:00+00:00,alpaca,,100221244.41,409136824320.0,69.14
31,KLAC,ranked,ranked and included in full_ranking.csv,506,2026-06-09T04:00:00+00:00,alpaca,,108505939.31,279460610048.0,74.15
32,MRVL,ranked,ranked and included in full_ranking.csv,506,2026-06-09T04:00:00+00:00,alpaca,,305178779.56,233667624960.0,51.44
33,UBER,ranked,ranked and included in full_ranking.csv,506,2026-06-09T04:00:00+00:00,alpaca,,85077663.29,143265447936.0,42.97
34,ABNB,ranked,ranked and included in full_ranking.csv,506,2026-06-09T04:00:00+00:00,alpaca,,24773007.03,77956874240.0,52.97
35,MSTR,ranked,ranked and included in full_ranking.csv,506,2026-06-09T04:00:00+00:00,alpaca,,54851222.48,41345634304.0,18.68
36,COIN,ranked,ranked and included in full_ranking.csv,506,2026-06-09T04:00:00+00:00,alpaca,,43652568.52,40968151040.0,31.14
37,APP,ranked,ranked and included in full_ranking.csv,506,2026-06-09T04:00:00+00:00,alpaca,,106049360.07,174970748928.0,53.33
38,RBLX,ranked,ranked and included in full_ranking.csv,506,2026-06-09T04:00:00+00:00,alpaca,,21926910.7,30787086336.0,23.65
39,MDB,ranked,ranked and included in full_ranking.csv,506,2026-06-09T04:00:00+00:00,alpaca,,54580900.42,27369375744.0,43.58
40,ZS,ranked,ranked and included in full_ranking.csv,506,2026-06-09T04:00:00+00:00,alpaca,,39425870.94,20349526016.0,13.65
41,JPM,ranked,ranked and included in full_ranking.csv,506,2026-06-09T04:00:00+00:00,alpaca,,76923868.29,837883199488.0,72.4
42,GS,ranked,ranked and included in full_ranking.csv,506,2026-06-09T04:00:00+00:00,alpaca,,71190882.93,304450600960.0,76.68
43,MS,ranked,ranked and included in full_ranking.csv,506,2026-06-09T04:00:00+00:00,alpaca,,67639362.22,331624153088.0,77.95
44,BAC,ranked,ranked and included in full_ranking.csv,506,2026-06-09T04:00:00+00:00,alpaca,,127217906.98,386196471808.0,82.32
45,WFC,ranked,ranked and included in full_ranking.csv,506,2026-06-09T04:00:00+00:00,alpaca,,84255870.73,250935541760.0,68.69
46,BLK,ranked,ranked and included in full_ranking.csv,506,2026-06-09T04:00:00+00:00,alpaca,,39676088.43,164796186624.0,57.31
47,BRK-B,ranked,ranked and included in full_ranking.csv,506,2026-06-09T04:00:00+00:00,alpaca,,62984648.44,1052048556032.0,68.61
48,V,ranked,ranked and included in full_ranking.csv,506,2026-06-09T04:00:00+00:00,alpaca,,116657408.04,618161766400.0,67.82
49,MA,ranked,ranked and included in full_ranking.csv,506,2026-06-09T04:00:00+00:00,alpaca,,107388510.52,437586067456.0,60.67
50,AXP,ranked,ranked and included in full_ranking.csv,506,2026-06-09T04:00:00+00:00,alpaca,,37409247.78,217239109632.0,63.16
51,CAT,ranked,ranked and included in full_ranking.csv,506,2026-06-09T04:00:00+00:00,alpaca,,96056554.06,421303484416.0,72.01
52,DE,ranked,ranked and included in full_ranking.csv,506,2026-06-09T04:00:00+00:00,alpaca,,51502181.29,155941044224.0,60.17
53,HON,ranked,ranked and included in full_ranking.csv,506,2026-06-09T04:00:00+00:00,alpaca,,40883570.73,136678973440.0,47.87
54,GE,ranked,ranked and included in full_ranking.csv,506,2026-06-09T04:00:00+00:00,alpaca,,67153181.3,345253511168.0,71.03
55,RTX,ranked,ranked and included in full_ranking.csv,506,2026-06-09T04:00:00+00:00,alpaca,,34749508.03,244503838720.0,61.97
56,LMT,ranked,ranked and included in full_ranking.csv,506,2026-06-09T04:00:00+00:00,alpaca,,22973768.39,122228686848.0,49.62
57,BA,ranked,ranked and included in full_ranking.csv,506,2026-06-09T04:00:00+00:00,alpaca,,53381368.06,169098723328.0,43.22
58,UNP,ranked,ranked and included in full_ranking.csv,506,2026-06-09T04:00:00+00:00,alpaca,,42944107.98,161062518784.0,72.83
59,UPS,ranked,ranked and included in full_ranking.csv,506,2026-06-09T04:00:00+00:00,alpaca,,24029732.62,91690180608.0,65.85
60,FDX,ranked,ranked and included in full_ranking.csv,506,2026-06-09T04:00:00+00:00,alpaca,,26555340.75,79160180736.0,73.83
61,WMT,ranked,ranked and included in full_ranking.csv,506,2026-06-09T04:00:00+00:00,alpaca,,118110965.53,946056396800.0,51.17
62,COST,ranked,ranked and included in full_ranking.csv,506,2026-06-09T04:00:00+00:00,alpaca,,79926108.66,429549158400.0,52.0
63,PG,ranked,ranked and included in full_ranking.csv,506,2026-06-09T04:00:00+00:00,alpaca,,53961138.43,346192805888.0,63.92
64,KO,ranked,ranked and included in full_ranking.csv,506,2026-06-09T04:00:00+00:00,alpaca,,71042487.73,349963911168.0,71.89
65,PEP,ranked,ranked and included in full_ranking.csv,506,2026-06-09T04:00:00+00:00,alpaca,,40417606.85,195171827712.0,50.28
66,MCD,ranked,ranked and included in full_ranking.csv,506,2026-06-09T04:00:00+00:00,alpaca,,44041541.48,200540274688.0,55.67
67,HD,ranked,ranked and included in full_ranking.csv,506,2026-06-09T04:00:00+00:00,alpaca,,67130933.97,320403472384.0,56.17
68,LOW,ranked,ranked and included in full_ranking.csv,506,2026-06-09T04:00:00+00:00,alpaca,,34574181.41,121944563712.0,46.59
69,NKE,ranked,ranked and included in full_ranking.csv,506,2026-06-09T04:00:00+00:00,alpaca,,48166926.0,66121609216.0,53.21
70,SBUX,ranked,ranked and included in full_ranking.csv,506,2026-06-09T04:00:00+00:00,alpaca,,36340883.85,111018180608.0,51.0
71,JNJ,ranked,ranked and included in full_ranking.csv,506,2026-06-09T04:00:00+00:00,alpaca,,61999373.04,570510409728.0,69.41
72,LLY,ranked,ranked and included in full_ranking.csv,506,2026-06-09T04:00:00+00:00,alpaca,,144305074.78,1020758589440.0,76.85
73,UNH,ranked,ranked and included in full_ranking.csv,506,2026-06-09T04:00:00+00:00,alpaca,,97166619.76,375063642112.0,71.67
74,MRK,ranked,ranked and included in full_ranking.csv,506,2026-06-09T04:00:00+00:00,alpaca,,41469839.09,295391002624.0,70.86
75,ABBV,ranked,ranked and included in full_ranking.csv,506,2026-06-09T04:00:00+00:00,alpaca,,51532486.96,398270431232.0,66.51
76,PFE,ranked,ranked and included in full_ranking.csv,506,2026-06-09T04:00:00+00:00,alpaca,,40901493.96,146475728896.0,50.85
77,TMO,ranked,ranked and included in full_ranking.csv,506,2026-06-09T04:00:00+00:00,alpaca,,73842301.99,183607017472.0,59.23
78,ISRG,ranked,ranked and included in full_ranking.csv,506,2026-06-09T04:00:00+00:00,alpaca,,45100104.1,151089414144.0,48.24
79,DHR,ranked,ranked and included in full_ranking.csv,506,2026-06-09T04:00:00+00:00,alpaca,,50559626.08,133351063552.0,60.89
80,SYK,ranked,ranked and included in full_ranking.csv,506,2026-06-09T04:00:00+00:00,alpaca,,60684418.55,120379121664.0,55.67
81,XOM,ranked,ranked and included in full_ranking.csv,506,2026-06-09T04:00:00+00:00,alpaca,,101145389.57,617224077312.0,52.91
82,CVX,ranked,ranked and included in full_ranking.csv,506,2026-06-09T04:00:00+00:00,alpaca,,50746309.04,371950780416.0,54.52
83,COP,ranked,ranked and included in full_ranking.csv,506,2026-06-09T04:00:00+00:00,alpaca,,48239137.16,142284554240.0,55.65
84,SLB,ranked,ranked and included in full_ranking.csv,506,2026-06-09T04:00:00+00:00,alpaca,,40979965.16,83498967040.0,71.3
85,EOG,ranked,ranked and included in full_ranking.csv,506,2026-06-09T04:00:00+00:00,alpaca,,22657398.39,73145876480.0,74.12
86,MPC,ranked,ranked and included in full_ranking.csv,506,2026-06-09T04:00:00+00:00,alpaca,,28617875.08,75363442688.0,76.0
87,VLO,ranked,ranked and included in full_ranking.csv,506,2026-06-09T04:00:00+00:00,alpaca,,32158095.34,75355594752.0,73.88
88,OXY,ranked,ranked and included in full_ranking.csv,506,2026-06-09T04:00:00+00:00,alpaca,,38372061.24,56246591488.0,64.7
89,DVN,ranked,ranked and included in full_ranking.csv,506,2026-06-09T04:00:00+00:00,alpaca,,39639733.31,50830475264.0,51.22
90,HAL,ranked,ranked and included in full_ranking.csv,506,2026-06-09T04:00:00+00:00,alpaca,,26786932.78,33098459136.0,61.07
91,SPY,ranked,ranked and included in full_ranking.csv,506,2026-06-09T04:00:00+00:00,alpaca,,1168969332.29,,60.79
92,QQQ,ranked,ranked and included in full_ranking.csv,506,2026-06-09T04:00:00+00:00,alpaca,,621362448.87,,63.81
93,DIA,ranked,ranked and included in full_ranking.csv,506,2026-06-09T04:00:00+00:00,alpaca,,44190627.48,,69.49
94,IWM,ranked,ranked and included in full_ranking.csv,506,2026-06-09T04:00:00+00:00,alpaca,,377794067.63,,70.84
95,SMH,ranked,ranked and included in full_ranking.csv,506,2026-06-09T04:00:00+00:00,alpaca,,249495096.18,,65.6
96,SOXX,ranked,ranked and included in full_ranking.csv,506,2026-06-09T04:00:00+00:00,alpaca,,206331373.52,,69.7
97,XLK,ranked,ranked and included in full_ranking.csv,506,2026-06-09T04:00:00+00:00,alpaca,,157095934.8,,64.04
98,XLE,ranked,ranked and included in full_ranking.csv,506,2026-06-09T04:00:00+00:00,alpaca,,134953808.7,,56.55
99,XLF,ranked,ranked and included in full_ranking.csv,506,2026-06-09T04:00:00+00:00,alpaca,,134590743.83,,77.9
100,XLV,ranked,ranked and included in full_ranking.csv,506,2026-06-09T04:00:00+00:00,alpaca,,137280290.57,,73.04
101,ARKK,ranked,ranked and included in full_ranking.csv,506,2026-06-09T04:00:00+00:00,alpaca,,40925870.05,,42.26
102,IBIT,ranked,ranked and included in full_ranking.csv,506,2026-06-09T04:00:00+00:00,alpaca,,98452330.71,,25.38
103,GLD,ranked,ranked and included in full_ranking.csv,506,2026-06-09T04:00:00+00:00,alpaca,,53686626.51,,25.01
104,SLV,ranked,ranked and included in full_ranking.csv,506,2026-06-09T04:00:00+00:00,alpaca,,48560284.38,,17.37
105,USO,ranked,ranked and included in full_ranking.csv,501,2026-06-09T00:00:00,yfinance,,979028265.32,,51.0
106,TLT,ranked,ranked and included in full_ranking.csv,506,2026-06-09T04:00:00+00:00,alpaca,,96510944.72,,48.79
107,HYG,ranked,ranked and included in full_ranking.csv,506,2026-06-09T04:00:00+00:00,alpaca,,219042421.94,,78.24
108,UUP,ranked,ranked and included in full_ranking.csv,501,2026-06-09T00:00:00,yfinance,,62193038.95,,87.32
109,VNQ,filtered_market_cap,market cap below minimum 1000000000 or unavailable,506,2026-06-09T04:00:00+00:00,alpaca,,20464840.327750005,,
110,BTC-USD,ranked,ranked and included in full_ranking.csv,730,2026-06-10T00:00:00,yfinance,,2499210720239573.0,,24.83
111,ETH-USD,ranked,ranked and included in full_ranking.csv,730,2026-06-10T00:00:00,yfinance,,32355905122320.16,,20.51
112,RGTI,filtered_market_cap,market cap below minimum 1000000000 or unavailable,506,2026-06-09T04:00:00+00:00,alpaca,,40029188.6165,,
113,QBTS,filtered_market_cap,market cap below minimum 1000000000 or unavailable,506,2026-06-09T04:00:00+00:00,alpaca,,43930897.242750004,,
114,QUBT,ranked,ranked and included in full_ranking.csv,501,2026-06-09T00:00:00,yfinance,,377888304.07,2143710080.0,10.04
115,IONQ,ranked,ranked and included in full_ranking.csv,506,2026-06-09T04:00:00+00:00,alpaca,,53126814.77,21160673280.0,33.91
116,LITE,ranked,ranked and included in full_ranking.csv,506,2026-06-09T04:00:00+00:00,alpaca,,189666607.43,63932928000.0,39.8
117,RKLB,ranked,ranked and included in full_ranking.csv,506,2026-06-09T04:00:00+00:00,alpaca,,62140526.96,67624136704.0,23.51
118,ASTS,ranked,ranked and included in full_ranking.csv,506,2026-06-09T04:00:00+00:00,alpaca,,57391102.31,34430529536.0,21.46
119,LUNR,ranked,ranked and included in full_ranking.csv,501,2026-06-09T00:00:00,yfinance,,625674301.44,4407624704.0,21.97
120,TEM,filtered_market_cap,market cap below minimum 1000000000 or unavailable,497,2026-06-09T00:00:00,yfinance,,329642109.357296,,
121,SOUN,ranked,ranked and included in full_ranking.csv,501,2026-06-09T00:00:00,yfinance,,210456541.66,3038042880.0,14.34
122,HIMS,ranked,ranked and included in full_ranking.csv,501,2026-06-09T00:00:00,yfinance,,541461308.8,6707643904.0,34.7
123,PL,ranked,ranked and included in full_ranking.csv,501,2026-06-09T00:00:00,yfinance,,590631254.1,11108775936.0,23.05
124,SMCI,ranked,ranked and included in full_ranking.csv,506,2026-06-09T04:00:00+00:00,alpaca,,65121869.88,24441647104.0,44.02
125,DELL,ranked,ranked and included in full_ranking.csv,506,2026-06-09T04:00:00+00:00,alpaca,,132972511.91,247992172544.0,51.73
126,HPE,ranked,ranked and included in full_ranking.csv,506,2026-06-09T04:00:00+00:00,alpaca,,110637827.94,63919304704.0,58.18
127,AI,ranked,ranked and included in full_ranking.csv,501,2026-06-09T00:00:00,yfinance,,79483861.46,1567692160.0,35.26
128,PATH,ranked,ranked and included in full_ranking.csv,501,2026-06-09T00:00:00,yfinance,,505168814.92,5569792512.0,45.95
129,BBAI,filtered_liquidity,price below minimum 5.0,506,2026-06-09T04:00:00+00:00,alpaca,,5682773.26475,,
130,RXRX,filtered_liquidity,price below minimum 5.0,506,2026-06-09T04:00:00+00:00,alpaca,,2773524.6155000003,,
131,SERV,filtered_market_cap,market cap below minimum 1000000000 or unavailable,501,2026-06-09T00:00:00,yfinance,,49437984.904470086,590526208.0,
132,VRT,ranked,ranked and included in full_ranking.csv,506,2026-06-09T04:00:00+00:00,alpaca,,82851277.59,111207178240.0,49.95
133,CEG,ranked,ranked and included in full_ranking.csv,506,2026-06-09T04:00:00+00:00,alpaca,,60616078.47,89864716288.0,35.14
134,OKLO,ranked,ranked and included in full_ranking.csv,501,2026-06-09T00:00:00,yfinance,,998519831.91,9827011584.0,9.05
135,NBIS,ranked,ranked and included in full_ranking.csv,409,2026-06-09T04:00:00+00:00,alpaca,,111517950.54,55888068608.0,41.95
136,GTLB,ranked,ranked and included in full_ranking.csv,501,2026-06-09T00:00:00,yfinance,,225974271.87,5117669888.0,44.02
137,ESTC,ranked,ranked and included in full_ranking.csv,501,2026-06-09T00:00:00,yfinance,,152802791.95,6417075200.0,56.12
138,NET,ranked,ranked and included in full_ranking.csv,506,2026-06-09T04:00:00+00:00,alpaca,,44091922.37,83463987200.0,48.73
139,HUBS,ranked,ranked and included in full_ranking.csv,506,2026-06-09T04:00:00+00:00,alpaca,,31488358.39,10119890944.0,29.5
140,TEAM,ranked,ranked and included in full_ranking.csv,506,2026-06-09T04:00:00+00:00,alpaca,,26504498.58,24262744064.0,37.15
141,DT,ranked,ranked and included in full_ranking.csv,506,2026-06-09T04:00:00+00:00,alpaca,,21780780.13,11883465728.0,52.97
142,TOST,ranked,ranked and included in full_ranking.csv,506,2026-06-09T04:00:00+00:00,alpaca,,23586880.93,14499999744.0,44.6
143,DUOL,ranked,ranked and included in full_ranking.csv,501,2026-06-09T00:00:00,yfinance,,158150947.19,5491464704.0,59.5
144,TTD,ranked,ranked and included in full_ranking.csv,501,2026-06-09T00:00:00,yfinance,,425171248.6,9350455296.0,31.6
145,SE,ranked,ranked and included in full_ranking.csv,506,2026-06-09T04:00:00+00:00,alpaca,,20438333.69,51981565952.0,40.62
146,MELI,ranked,ranked and included in full_ranking.csv,506,2026-06-09T04:00:00+00:00,alpaca,,51535887.33,83202195456.0,40.89
147,DASH,ranked,ranked and included in full_ranking.csv,506,2026-06-09T04:00:00+00:00,alpaca,,38244068.19,67828330496.0,40.93
148,RBRK,ranked,ranked and included in full_ranking.csv,501,2026-06-09T00:00:00,yfinance,,320955988.62,14766140416.0,48.17
149,ARQQ,filtered_liquidity,fallback average dollar volume below minimum 20000000,501,2026-06-09T00:00:00,yfinance,,11431970.261875343,,
150,IBM,ranked,ranked and included in full_ranking.csv,506,2026-06-09T04:00:00+00:00,alpaca,,114645259.96,260808769536.0,60.51
151,COHR,ranked,ranked and included in full_ranking.csv,506,2026-06-09T04:00:00+00:00,alpaca,,92281404.78,69635866624.0,51.74
152,MKSI,ranked,ranked and included in full_ranking.csv,506,2026-06-09T04:00:00+00:00,alpaca,,21628613.99,21678962688.0,67.81
153,HOOD,ranked,ranked and included in full_ranking.csv,506,2026-06-09T04:00:00+00:00,alpaca,,68994898.42,75435311104.0,53.84
154,MARA,ranked,ranked and included in full_ranking.csv,501,2026-06-09T00:00:00,yfinance,,547023998.23,5074710528.0,33.36
155,RIOT,ranked,ranked and included in full_ranking.csv,506,2026-06-09T04:00:00+00:00,alpaca,,23069926.59,9565335552.0,41.21
156,CLSK,filtered_market_cap,market cap below minimum 1000000000 or unavailable,501,2026-06-09T00:00:00,yfinance,,401599705.38989323,,
157,HUT,ranked,ranked and included in full_ranking.csv,506,2026-06-09T04:00:00+00:00,alpaca,,20569199.94,12683726848.0,41.72
158,HIVE,filtered_liquidity,price below minimum 5.0,506,2026-06-09T04:00:00+00:00,alpaca,,4910228.3245,,
159,BTBT,filtered_liquidity,price below minimum 5.0,506,2026-06-09T04:00:00+00:00,alpaca,,2193310.0337499995,,
160,IREN,ranked,ranked and included in full_ranking.csv,506,2026-06-09T04:00:00+00:00,alpaca,,78317722.02,19305596928.0,39.48
161,WULF,ranked,ranked and included in full_ranking.csv,506,2026-06-09T04:00:00+00:00,alpaca,,31591670.77,12536975360.0,44.82
162,CORZ,ranked,ranked and included in full_ranking.csv,506,2026-06-09T04:00:00+00:00,alpaca,,24239379.06,8586081280.0,49.29
163,CIFR,ranked,ranked and included in full_ranking.csv,506,2026-06-09T04:00:00+00:00,alpaca,,27344761.43,9422447616.0,32.59
164,CAN,filtered_liquidity,price below minimum 5.0,506,2026-06-09T04:00:00+00:00,alpaca,,45726.618579999995,,
165,BITB,ranked,ranked and included in full_ranking.csv,501,2026-06-09T00:00:00,yfinance,,71712731.15,,34.65
166,FBTC,ranked,ranked and included in full_ranking.csv,501,2026-06-09T00:00:00,yfinance,,278783377.56,,34.74
167,ARKB,ranked,ranked and included in full_ranking.csv,501,2026-06-09T00:00:00,yfinance,,53096482.88,,33.25
168,GBTC,ranked,ranked and included in full_ranking.csv,501,2026-06-09T00:00:00,yfinance,,129879043.85,,33.92
169,ETHA,filtered_market_cap,market cap below minimum 1000000000 or unavailable,472,2026-06-09T04:00:00+00:00,alpaca,,22778456.838,,
170,ETHE,filtered_market_cap,market cap below minimum 1000000000 or unavailable,501,2026-06-09T00:00:00,yfinance,,44262008.90936241,,
171,BITO,filtered_market_cap,market cap below minimum 1000000000 or unavailable,506,2026-06-09T04:00:00+00:00,alpaca,,167520727.7605,,
172,BLOK,ranked,ranked and included in full_ranking.csv,501,2026-06-09T00:00:00,yfinance,,28940429.44,,51.33
173,BKCH,filtered_liquidity,fallback average dollar volume below minimum 20000000,501,2026-06-09T00:00:00,yfinance,,10733423.819829559,,
174,SPIR,filtered_market_cap,market cap below minimum 1000000000 or unavailable,501,2026-06-09T00:00:00,yfinance,,34261267.786157325,629449792.0,
175,IRDM,ranked,ranked and included in full_ranking.csv,501,2026-06-09T00:00:00,yfinance,,109408719.24,4768321024.0,47.85
176,SATS,ranked,ranked and included in full_ranking.csv,506,2026-06-09T04:00:00+00:00,alpaca,,39078623.99,33841522688.0,30.39
177,GSAT,filtered_market_cap,market cap below minimum 1000000000 or unavailable,501,2026-06-09T00:00:00,yfinance,,105030276.05183983,,
178,NOC,filtered_market_cap,market cap below minimum 1000000000 or unavailable,506,2026-06-09T04:00:00+00:00,alpaca,,24086016.3495,,
179,SPCE,filtered_liquidity,price below minimum 5.0,506,2026-06-09T04:00:00+00:00,alpaca,,7524633.88875,,
180,BKSY,ranked,ranked and included in full_ranking.csv,501,2026-06-09T00:00:00,yfinance,,107912138.01,1174500608.0,11.86
181,VSAT,ranked,ranked and included in full_ranking.csv,501,2026-06-09T00:00:00,yfinance,,205778836.92,8732219392.0,27.13
182,TDY,filtered_market_cap,market cap below minimum 1000000000 or unavailable,501,2026-06-09T00:00:00,yfinance,,197392918.0196289,,
183,HEI,ranked,ranked and included in full_ranking.csv,501,2026-06-09T00:00:00,yfinance,,255290270.42,45587582976.0,67.19
184,GD,filtered_market_cap,market cap below minimum 1000000000 or unavailable,501,2026-06-09T00:00:00,yfinance,,327252735.105484,,
185,HII,ranked,ranked and included in full_ranking.csv,501,2026-06-09T00:00:00,yfinance,,157287172.58,11723486208.0,45.23
186,LHX,filtered_market_cap,market cap below minimum 1000000000 or unavailable,501,2026-06-09T00:00:00,yfinance,,332508937.8036957,,
187,LDOS,ranked,ranked and included in full_ranking.csv,501,2026-06-09T00:00:00,yfinance,,163262750.97,15537019904.0,42.08
188,KTOS,filtered_market_cap,market cap below minimum 1000000000 or unavailable,501,2026-06-09T00:00:00,yfinance,,291111825.619837,,
189,AVAV,ranked,ranked and included in full_ranking.csv,501,2026-06-09T00:00:00,yfinance,,245532672.99,8932300800.0,23.51
190,TXT,ranked,ranked and included in full_ranking.csv,501,2026-06-09T00:00:00,yfinance,,113637425.65,16222102528.0,72.15
191,TDG,ranked,ranked and included in full_ranking.csv,506,2026-06-09T04:00:00+00:00,alpaca,,35227199.93,70321938432.0,65.47
192,CW,filtered_market_cap,market cap below minimum 1000000000 or unavailable,501,2026-06-09T00:00:00,yfinance,,210071262.55203858,,
193,BWXT,ranked,ranked and included in full_ranking.csv,501,2026-06-09T00:00:00,yfinance,,192087000.76,17311504384.0,50.16
194,MRCY,ranked,ranked and included in full_ranking.csv,501,2026-06-09T00:00:00,yfinance,,67710998.13,6533910016.0,50.78
195,HWM,ranked,ranked and included in full_ranking.csv,506,2026-06-09T04:00:00+00:00,alpaca,,26293410.15,102891642880.0,66.97
196,SAIC,ranked,ranked and included in full_ranking.csv,501,2026-06-09T00:00:00,yfinance,,62979406.12,4822939648.0,68.45
197,CACI,ranked,ranked and included in full_ranking.csv,501,2026-06-09T00:00:00,yfinance,,149754683.01,11598817280.0,51.68
198,OSK,ranked,ranked and included in full_ranking.csv,501,2026-06-09T00:00:00,yfinance,,107298060.04,8269030400.0,44.23
199,AXON,ranked,ranked and included in full_ranking.csv,506,2026-06-09T04:00:00+00:00,alpaca,,26281940.07,36473249792.0,47.15
200,LOAR,ranked,ranked and included in full_ranking.csv,501,2026-06-09T00:00:00,yfinance,,41215732.97,6132402688.0,56.35
201,CRSP,ranked,ranked and included in full_ranking.csv,501,2026-06-09T00:00:00,yfinance,,88407058.76,5069962752.0,27.45
202,NTLA,ranked,ranked and included in full_ranking.csv,501,2026-06-09T00:00:00,yfinance,,81349455.57,1801020160.0,12.45
203,EDIT,filtered_liquidity,price below minimum 5.0,506,2026-06-09T04:00:00+00:00,alpaca,,433062.34124999994,,
204,BEAM,ranked,ranked and included in full_ranking.csv,501,2026-06-09T00:00:00,yfinance,,59517989.09,3134729728.0,39.18
205,VRTX,ranked,ranked and included in full_ranking.csv,506,2026-06-09T04:00:00+00:00,alpaca,,23678080.9,113138843648.0,67.4
206,REGN,ranked,ranked and included in full_ranking.csv,506,2026-06-09T04:00:00+00:00,alpaca,,58466298.05,64599715840.0,46.43
207,MRNA,ranked,ranked and included in full_ranking.csv,501,2026-06-09T00:00:00,yfinance,,284746189.52,18938607616.0,27.59
208,BNTX,ranked,ranked and included in full_ranking.csv,501,2026-06-09T00:00:00,yfinance,,84477989.9,21874487296.0,28.45
209,GILD,ranked,ranked and included in full_ranking.csv,506,2026-06-09T04:00:00+00:00,alpaca,,39022232.32,155817017344.0,49.14
210,BIIB,ranked,ranked and included in full_ranking.csv,501,2026-06-09T00:00:00,yfinance,,219945897.2,29394550784.0,72.78
211,ALNY,ranked,ranked and included in full_ranking.csv,501,2026-06-09T00:00:00,yfinance,,301278470.5,39745359872.0,46.6
212,SRPT,ranked,ranked and included in full_ranking.csv,501,2026-06-09T00:00:00,yfinance,,50577534.36,1677606272.0,26.66
213,RARE,ranked,ranked and included in full_ranking.csv,501,2026-06-09T00:00:00,yfinance,,36200953.56,2244569600.0,26.37
214,TGTX,filtered_market_cap,market cap below minimum 1000000000 or unavailable,501,2026-06-09T00:00:00,yfinance,,68350127.16000938,,
215,EXEL,ranked,ranked and included in full_ranking.csv,501,2026-06-09T00:00:00,yfinance,,124305865.85,13319306240.0,74.52
216,VKTX,ranked,ranked and included in full_ranking.csv,501,2026-06-09T00:00:00,yfinance,,58356424.07,3393767680.0,20.2
217,NTRA,ranked,ranked and included in full_ranking.csv,506,2026-06-09T04:00:00+00:00,alpaca,,22083755.25,31911251968.0,50.02
218,DNA,filtered_liquidity,fallback average dollar volume below minimum 20000000,501,2026-06-09T00:00:00,yfinance,,11143659.207630824,,
219,TMDX,ranked,ranked and included in full_ranking.csv,501,2026-06-09T00:00:00,yfinance,,92869607.47,2567530240.0,35.72
220,IOVA,filtered_liquidity,price below minimum 5.0,506,2026-06-09T04:00:00+00:00,alpaca,,2028413.77425,,
221,AXSM,ranked,ranked and included in full_ranking.csv,501,2026-06-09T00:00:00,yfinance,,153325408.55,12640577536.0,63.7
222,HALO,filtered_market_cap,market cap below minimum 1000000000 or unavailable,501,2026-06-09T00:00:00,yfinance,,136546189.14497834,,
223,IMVT,ranked,ranked and included in full_ranking.csv,501,2026-06-09T00:00:00,yfinance,,84880254.01,6489815040.0,43.41
224,LEGN,ranked,ranked and included in full_ranking.csv,501,2026-06-09T00:00:00,yfinance,,93550885.59,6220425728.0,31.6
225,ARGX,ranked,ranked and included in full_ranking.csv,506,2026-06-09T04:00:00+00:00,alpaca,,23036107.89,55245553664.0,71.39
226,PCVX,ranked,ranked and included in full_ranking.csv,501,2026-06-09T00:00:00,yfinance,,72348394.69,6769363456.0,30.35
227,INCY,ranked,ranked and included in full_ranking.csv,501,2026-06-09T00:00:00,yfinance,,161743079.08,20623513600.0,79.82
228,IONS,ranked,ranked and included in full_ranking.csv,501,2026-06-09T00:00:00,yfinance,,125433320.6,12325281792.0,43.69
229,TWST,ranked,ranked and included in full_ranking.csv,501,2026-06-09T00:00:00,yfinance,,101110592.3,4362727936.0,42.38
230,DNLI,ranked,ranked and included in full_ranking.csv,501,2026-06-09T00:00:00,yfinance,,35518213.53,3299575808.0,48.9
231,BBIO,ranked,ranked and included in full_ranking.csv,501,2026-06-09T00:00:00,yfinance,,191539435.48,13255888896.0,44.61
232,ACLX,ranked,ranked and included in full_ranking.csv,473,2026-04-29T00:00:00,yfinance,,166205573.24,6732325376.0,42.28
233,VIR,filtered_liquidity,fallback average dollar volume below minimum 20000000,501,2026-06-09T00:00:00,yfinance,,14627579.63772049,,
234,NVAX,filtered_market_cap,market cap below minimum 1000000000 or unavailable,501,2026-06-09T00:00:00,yfinance,,52500473.32354002,,
235,APLS,ranked,ranked and included in full_ranking.csv,485,2026-05-15T00:00:00,yfinance,,285685741.92,5252712960.0,51.2
236,MDGL,ranked,ranked and included in full_ranking.csv,501,2026-06-09T00:00:00,yfinance,,138890630.83,10995013632.0,35.52
237,RVMD,ranked,ranked and included in full_ranking.csv,501,2026-06-09T00:00:00,yfinance,,424113203.96,31793801216.0,42.43
238,FOLD,ranked,ranked and included in full_ranking.csv,471,2026-04-27T00:00:00,yfinance,,38985381.23,4549870080.0,60.03
239,BILL,ranked,ranked and included in full_ranking.csv,501,2026-06-09T00:00:00,yfinance,,106517897.78,3395252480.0,35.61
240,AFRM,ranked,ranked and included in full_ranking.csv,501,2026-06-09T00:00:00,yfinance,,329780133.44,21805246464.0,53.28
241,UPST,ranked,ranked and included in full_ranking.csv,501,2026-06-09T00:00:00,yfinance,,142073466.92,2972801280.0,43.73
242,ROKU,ranked,ranked and included in full_ranking.csv,501,2026-06-09T00:00:00,yfinance,,263836100.51,17857650688.0,66.06
243,FROG,ranked,ranked and included in full_ranking.csv,501,2026-06-09T00:00:00,yfinance,,191640086.09,9842189312.0,46.75
244,CELH,ranked,ranked and included in full_ranking.csv,501,2026-06-09T00:00:00,yfinance,,305680160.99,7206501888.0,34.72
245,ELF,ranked,ranked and included in full_ranking.csv,501,2026-06-09T00:00:00,yfinance,,248458332.42,3309054208.0,30.36
246,CAVA,ranked,ranked and included in full_ranking.csv,501,2026-06-09T00:00:00,yfinance,,265990088.14,8884625408.0,38.85
247,ONON,ranked,ranked and included in full_ranking.csv,501,2026-06-09T00:00:00,yfinance,,259959523.36,12749861888.0,56.13
248,RIVN,ranked,ranked and included in full_ranking.csv,506,2026-06-09T04:00:00+00:00,alpaca,,22333127.98,21123289088.0,36.67
249,LCID,ranked,ranked and included in full_ranking.csv,501,2026-06-09T00:00:00,yfinance,,89286047.33,2009822592.0,9.98
250,GM,ranked,ranked and included in full_ranking.csv,506,2026-06-09T04:00:00+00:00,alpaca,,32600975.25,75523481600.0,68.76
251,F,ranked,ranked and included in full_ranking.csv,506,2026-06-09T04:00:00+00:00,alpaca,,84692036.36,59571154944.0,50.73
252,DKNG,ranked,ranked and included in full_ranking.csv,501,2026-06-09T00:00:00,yfinance,,302615554.2,13688194048.0,61.22
253,PINS,ranked,ranked and included in full_ranking.csv,506,2026-06-09T04:00:00+00:00,alpaca,,27761283.59,12278648832.0,60.76
254,SNAP,ranked,ranked and included in full_ranking.csv,501,2026-06-09T00:00:00,yfinance,,230045526.67,9263529984.0,33.12
255,RDDT,ranked,ranked and included in full_ranking.csv,506,2026-06-09T04:00:00+00:00,alpaca,,35414700.48,34287785984.0,59.3
256,SOFI,ranked,ranked and included in full_ranking.csv,506,2026-06-09T04:00:00+00:00,alpaca,,30268920.39,21126748160.0,47.52
257,NU,ranked,ranked and included in full_ranking.csv,506,2026-06-09T04:00:00+00:00,alpaca,,54904616.83,57757483008.0,49.75
258,FOUR,ranked,ranked and included in full_ranking.csv,501,2026-06-09T00:00:00,yfinance,,60863067.36,3777842432.0,26.85
259,GLOB,ranked,ranked and included in full_ranking.csv,501,2026-06-09T00:00:00,yfinance,,82841470.63,1617938048.0,33.47
260,MNDY,ranked,ranked and included in full_ranking.csv,501,2026-06-09T00:00:00,yfinance,,169787991.94,4290628608.0,51.6
261,XYZ,ranked,ranked and included in full_ranking.csv,501,2026-06-09T00:00:00,yfinance,,427463149.16,40644911104.0,49.67
262,FSLR,ranked,ranked and included in full_ranking.csv,506,2026-06-09T04:00:00+00:00,alpaca,,36341541.19,28173197312.0,58.94
263,ENPH,ranked,ranked and included in full_ranking.csv,506,2026-06-09T04:00:00+00:00,alpaca,,21968118.48,7052522496.0,42.42
264,WOLF,ranked,ranked and included in full_ranking.csv,506,2026-06-09T04:00:00+00:00,alpaca,,22275513.6,2357980160.0,24.89
265,ACLS,ranked,ranked and included in full_ranking.csv,501,2026-06-09T00:00:00,yfinance,,83233351.73,5057877504.0,59.45
266,AEHR,ranked,ranked and included in full_ranking.csv,501,2026-06-09T00:00:00,yfinance,,234524178.68,2966356224.0,28.9
267,CAMT,ranked,ranked and included in full_ranking.csv,501,2026-06-09T00:00:00,yfinance,,97802750.64,7742378496.0,36.15
268,SITM,ranked,ranked and included in full_ranking.csv,506,2026-06-09T04:00:00+00:00,alpaca,,24772631.66,17409236992.0,39.94
269,ON,ranked,ranked and included in full_ranking.csv,506,2026-06-09T04:00:00+00:00,alpaca,,68315582.44,45489975296.0,57.85
270,NXPI,ranked,ranked and included in full_ranking.csv,506,2026-06-09T04:00:00+00:00,alpaca,,49970585.69,75087421440.0,66.57
271,MP,ranked,ranked and included in full_ranking.csv,501,2026-06-09T00:00:00,yfinance,,432406475.5,9666605056.0,17.66
272,ALB,ranked,ranked and included in full_ranking.csv,501,2026-06-09T00:00:00,yfinance,,359182099.95,18019233792.0,39.66
273,PYPL,ranked,ranked and included in full_ranking.csv,506,2026-06-09T04:00:00+00:00,alpaca,,26950177.44,36572090368.0,44.9
274,DOCN,ranked,ranked and included in full_ranking.csv,506,2026-06-09T04:00:00+00:00,alpaca,,21366610.33,17567623168.0,51.62
275,TENB,ranked,ranked and included in full_ranking.csv,501,2026-06-09T00:00:00,yfinance,,106709488.87,2943159040.0,49.96
276,S,ranked,ranked and included in full_ranking.csv,501,2026-06-09T00:00:00,yfinance,,174421543.34,5204187136.0,31.36
277,IOT,ranked,ranked and included in full_ranking.csv,501,2026-06-09T00:00:00,yfinance,,231234230.6,19590711296.0,51.7
278,SMR,ranked,ranked and included in full_ranking.csv,501,2026-06-09T00:00:00,yfinance,,416193965.51,3461058048.0,3.23
279,NNE,ranked,ranked and included in full_ranking.csv,501,2026-06-09T00:00:00,yfinance,,79920553.67,1247797760.0,13.6
280,BE,ranked,ranked and included in full_ranking.csv,506,2026-06-09T04:00:00+00:00,alpaca,,83621317.67,73844465664.0,44.29
281,FLNC,ranked,ranked and included in full_ranking.csv,501,2026-06-09T00:00:00,yfinance,,337454429.24,4323928576.0,25.09
282,ARRY,ranked,ranked and included in full_ranking.csv,501,2026-06-09T00:00:00,yfinance,,47403452.68,1139084416.0,25.15
283,RUN,ranked,ranked and included in full_ranking.csv,501,2026-06-09T00:00:00,yfinance,,119685414.13,3005721088.0,29.75
284,NXT,ranked,ranked and included in full_ranking.csv,506,2026-06-09T04:00:00+00:00,alpaca,,22933045.7,18150901760.0,38.4
285,BLDR,ranked,ranked and included in full_ranking.csv,501,2026-06-09T00:00:00,yfinance,,211799092.25,8340192768.0,41.12
286,FIX,ranked,ranked and included in full_ranking.csv,506,2026-06-09T04:00:00+00:00,alpaca,,43805773.22,64441548800.0,59.3
287,ONTO,ranked,ranked and included in full_ranking.csv,501,2026-06-09T00:00:00,yfinance,,348911873.97,13631229952.0,56.75
288,LSCC,ranked,ranked and included in full_ranking.csv,506,2026-06-09T04:00:00+00:00,alpaca,,24711712.48,18846799872.0,63.24
289,MTSI,ranked,ranked and included in full_ranking.csv,506,2026-06-09T04:00:00+00:00,alpaca,,33357780.38,27368820736.0,61.76
290,POWI,ranked,ranked and included in full_ranking.csv,501,2026-06-09T00:00:00,yfinance,,111112308.27,4162840064.0,48.07
291,RMBS,ranked,ranked and included in full_ranking.csv,501,2026-06-09T00:00:00,yfinance,,342810828.06,15878832128.0,50.85
292,NVMI,ranked,ranked and included in full_ranking.csv,501,2026-06-09T00:00:00,yfinance,,231302908.98,16363951104.0,61.46
293,SYNA,ranked,ranked and included in full_ranking.csv,501,2026-06-09T00:00:00,yfinance,,126079531.97,5056900096.0,48.16
294,BIRK,ranked,ranked and included in full_ranking.csv,501,2026-06-09T00:00:00,yfinance,,132022827.08,8312553472.0,57.93
295,KVYO,ranked,ranked and included in full_ranking.csv,501,2026-06-09T00:00:00,yfinance,,106748986.08,4423355392.0,22.76
296,CART,ranked,ranked and included in full_ranking.csv,501,2026-06-09T00:00:00,yfinance,,160004937.9,9927659520.0,65.38
297,CRAI,filtered_market_cap,market cap below minimum 1000000000 or unavailable,501,2026-06-09T00:00:00,yfinance,,21925809.654470824,959373376.0,
298,RL,ranked,ranked and included in full_ranking.csv,506,2026-06-09T04:00:00+00:00,alpaca,,23816179.26,23280412672.0,78.68
299,SFBS,filtered_liquidity,fallback average dollar volume below minimum 20000000,501,2026-06-09T00:00:00,yfinance,,15383190.482002258,,
300,FBIZ,filtered_liquidity,fallback average dollar volume below minimum 20000000,501,2026-06-09T00:00:00,yfinance,,1802372.1611070633,,
301,FANG,ranked,ranked and included in full_ranking.csv,501,2026-06-09T00:00:00,yfinance,,451297356.49,54642298880.0,63.79
302,SUPN,ranked,ranked and included in full_ranking.csv,501,2026-06-09T00:00:00,yfinance,,27074204.63,2650093568.0,38.86
303,AURE,filtered_liquidity,price below minimum 5.0,505,2026-06-08T04:00:00+00:00,alpaca,,9359.9465,,
304,FWRG,filtered_liquidity,fallback average dollar volume below minimum 20000000,501,2026-06-09T00:00:00,yfinance,,15224721.13650465,,
305,ADVB,filtered_liquidity,price below minimum 5.0,317,2026-06-09T04:00:00+00:00,alpaca,,1167.3095,,
306,IQST,filtered_liquidity,price below minimum 5.0,269,2026-06-09T04:00:00+00:00,alpaca,,12032.427749999999,,
307,TXNM,ranked,ranked and included in full_ranking.csv,501,2026-06-09T00:00:00,yfinance,,87696038.31,6396665344.0,48.08
308,TTEK,ranked,ranked and included in full_ranking.csv,501,2026-06-09T00:00:00,yfinance,,109721196.62,7269286912.0,46.34
309,KEX,ranked,ranked and included in full_ranking.csv,501,2026-06-09T00:00:00,yfinance,,77081963.83,7649703936.0,54.97
310,PXED,provider_partial,missing or insufficient price history after fallback,167,2026-06-09T00:00:00,yfinance,,,,
311,GCO,filtered_liquidity,fallback average dollar volume below minimum 20000000,501,2026-06-09T00:00:00,yfinance,,7393364.327768326,,
312,SLGN,ranked,ranked and included in full_ranking.csv,501,2026-06-09T00:00:00,yfinance,,31774520.69,4089806848.0,46.83
313,SJ,filtered_liquidity,price below minimum 5.0,506,2026-06-09T04:00:00+00:00,alpaca,,508.32349999999997,,
314,FDBC,filtered_liquidity,fallback average dollar volume below minimum 20000000,501,2026-06-09T00:00:00,yfinance,,448968.636769104,,
315,TPCS,filtered_liquidity,price below minimum 5.0,506,2026-06-09T04:00:00+00:00,alpaca,,867.42975,,
316,SM,ranked,ranked and included in full_ranking.csv,501,2026-06-09T00:00:00,yfinance,,125473755.87,7451389952.0,52.26
317,PKOH,filtered_liquidity,fallback average dollar volume below minimum 20000000,501,2026-06-09T00:00:00,yfinance,,2357041.013346863,,
318,CHGG,filtered_liquidity,price below minimum 5.0,506,2026-06-09T04:00:00+00:00,alpaca,,81167.84315,,
319,AOSL,ranked,ranked and included in full_ranking.csv,501,2026-06-09T00:00:00,yfinance,,46143147.02,1228010496.0,31.12
320,A,ranked,ranked and included in full_ranking.csv,501,2026-06-09T00:00:00,yfinance,,329698450.66,38263877632.0,67.12
321,SANG,filtered_liquidity,price below minimum 5.0,505,2026-06-08T04:00:00+00:00,alpaca,,372.81000000000006,,
322,RACC,provider_partial,missing or insufficient price history after fallback,14,2026-06-09T00:00:00,yfinance,,,,
323,OUT,ranked,ranked and included in full_ranking.csv,501,2026-06-09T00:00:00,yfinance,,57384838.62,5396346368.0,62.27
324,AACI,filtered_liquidity,average dollar volume below minimum 20000000,505,2026-06-08T04:00:00+00:00,alpaca,,0.0,,
325,FNWD,filtered_liquidity,fallback average dollar volume below minimum 20000000,501,2026-06-09T00:00:00,yfinance,,309603.2437759399,,
326,AGEN,filtered_liquidity,price below minimum 5.0,506,2026-06-09T04:00:00+00:00,alpaca,,86696.01875000002,,
327,ICLR,ranked,ranked and included in full_ranking.csv,501,2026-06-09T00:00:00,yfinance,,155813183.68,11624452096.0,50.12
328,HOV,filtered_liquidity,fallback average dollar volume below minimum 20000000,501,2026-06-09T00:00:00,yfinance,,12544444.76361389,,
329,TRNR,filtered_liquidity,price below minimum 5.0,506,2026-06-09T04:00:00+00:00,alpaca,,5334.906785,,
330,MMYT,ranked,ranked and included in full_ranking.csv,501,2026-06-09T00:00:00,yfinance,,40902616.6,3892400896.0,23.95
331,RCMT,filtered_liquidity,fallback average dollar volume below minimum 20000000,501,2026-06-09T00:00:00,yfinance,,2048958.6566207886,,
332,BFST,filtered_liquidity,fallback average dollar volume below minimum 20000000,501,2026-06-09T00:00:00,yfinance,,5258921.382837772,,
333,FDP,filtered_liquidity,fallback average dollar volume below minimum 20000000,501,2026-06-09T00:00:00,yfinance,,18506023.758053303,,
334,BSVN,filtered_liquidity,fallback average dollar volume below minimum 20000000,501,2026-06-09T00:00:00,yfinance,,509218.79244384763,,
335,AIFU,filtered_liquidity,price below minimum 5.0,506,2026-06-09T04:00:00+00:00,alpaca,,547.1270000000001,,
336,YEXT,filtered_liquidity,price below minimum 5.0,506,2026-06-09T04:00:00+00:00,alpaca,,325626.37074999994,,
337,RRX,ranked,ranked and included in full_ranking.csv,501,2026-06-09T00:00:00,yfinance,,185747888.03,14199289856.0,61.51
338,BIPC,ranked,ranked and included in full_ranking.csv,501,2026-06-09T00:00:00,yfinance,,43910169.04,5065985536.0,47.74
339,ACHR,ranked,ranked and included in full_ranking.csv,501,2026-06-09T00:00:00,yfinance,,347746054.04,4058441472.0,13.59
340,EMAT,provider_partial,missing or insufficient price history after fallback,106,2026-06-09T00:00:00,yfinance,,,,
341,TDC,ranked,ranked and included in full_ranking.csv,501,2026-06-09T00:00:00,yfinance,,74854759.63,3149527040.0,68.58
342,PTLE,filtered_liquidity,fallback average dollar volume below minimum 20000000,412,2026-06-09T00:00:00,yfinance,,96463.75774269104,,
343,MTB,ranked,ranked and included in full_ranking.csv,501,2026-06-09T00:00:00,yfinance,,205880217.07,33013108736.0,80.34
344,ELTK,filtered_liquidity,fallback average dollar volume below minimum 20000000,501,2026-06-09T00:00:00,yfinance,,104997.02511167526,,
345,TNET,filtered_liquidity,fallback average dollar volume below minimum 20000000,501,2026-06-09T00:00:00,yfinance,,19291565.256227873,,
346,DYOR,provider_partial,missing or insufficient price history after fallback,139,2026-06-09T00:00:00,yfinance,,,,
347,HMH,provider_partial,missing or insufficient price history after fallback,48,2026-06-09T00:00:00,yfinance,,,,
348,IMRX,filtered_liquidity,price below minimum 5.0,506,2026-06-09T04:00:00+00:00,alpaca,,525604.78825,,
349,MIND,filtered_liquidity,fallback average dollar volume below minimum 20000000,501,2026-06-09T00:00:00,yfinance,,631838.6553002119,,
350,SPHL,filtered_liquidity,price below minimum 5.0,411,2026-06-09T04:00:00+00:00,alpaca,,38948.195,,
351,PFG,ranked,ranked and included in full_ranking.csv,501,2026-06-09T00:00:00,yfinance,,112431055.92,23039881216.0,80.04
352,RMIX,filtered_liquidity,average dollar volume below minimum 20000000,506,2026-06-09T04:00:00+00:00,alpaca,,305189.91524999996,,
353,IVR,filtered_liquidity,fallback average dollar volume below minimum 20000000,501,2026-06-09T00:00:00,yfinance,,17792884.25291753,,
354,FCEL,ranked,ranked and included in full_ranking.csv,501,2026-06-09T00:00:00,yfinance,,267445948.04,1182466944.0,32.1
355,BENF,filtered_liquidity,price below minimum 5.0,506,2026-06-09T04:00:00+00:00,alpaca,,671.86075,,
356,HTLD,filtered_liquidity,fallback average dollar volume below minimum 20000000,501,2026-06-09T00:00:00,yfinance,,9053348.08942337,,
357,LUD,filtered_liquidity,price below minimum 5.0,321,2026-06-08T04:00:00+00:00,alpaca,,3529.77425,,
358,BCSS,provider_partial,missing or insufficient price history after fallback,137,2026-06-09T00:00:00,yfinance,,,,
359,BBCQ,provider_partial,missing or insufficient price history after fallback,92,2026-06-09T00:00:00,yfinance,,,,
360,HIT,filtered_liquidity,price below minimum 5.0,364,2026-06-09T04:00:00+00:00,alpaca,,4116.282,,
361,GRMN,ranked,ranked and included in full_ranking.csv,501,2026-06-09T00:00:00,yfinance,,171859987.68,45870850048.0,58.27
362,BEEP,filtered_liquidity,price below minimum 5.0,506,2026-06-09T04:00:00+00:00,alpaca,,2154.384,,
363,WING,ranked,ranked and included in full_ranking.csv,501,2026-06-09T00:00:00,yfinance,,177297014.64,3917675008.0,36.98
364,PPLI,ranked,ranked and included in full_ranking.csv,501,2026-06-09T00:00:00,yfinance,,48508484.66,3140640256.0,61.3
365,ZKIN,filtered_liquidity,price below minimum 5.0,506,2026-06-09T04:00:00+00:00,alpaca,,383.276,,
366,OPK,filtered_liquidity,price below minimum 5.0,506,2026-06-09T04:00:00+00:00,alpaca,,214380.2225,,
367,ONB,ranked,ranked and included in full_ranking.csv,501,2026-06-09T00:00:00,yfinance,,69151095.96,9381136384.0,80.76
368,RXT,filtered_liquidity,price below minimum 5.0,506,2026-06-09T04:00:00+00:00,alpaca,,3320629.6285,,
369,TRAX,provider_partial,missing or insufficient price history after fallback,46,2026-06-09T00:00:00,yfinance,,,,
370,ASAN,ranked,ranked and included in full_ranking.csv,501,2026-06-09T00:00:00,yfinance,,50591116.61,1789719424.0,36.35
371,PBM,filtered_liquidity,price below minimum 5.0,505,2026-06-08T04:00:00+00:00,alpaca,,1868.3005,,
372,IMO,ranked,ranked and included in full_ranking.csv,501,2026-06-09T00:00:00,yfinance,,72538123.97,59161378816.0,48.17
373,OPXS,filtered_liquidity,fallback average dollar volume below minimum 20000000,501,2026-06-09T00:00:00,yfinance,,568067.8811611176,,
374,HLX,filtered_liquidity,fallback average dollar volume below minimum 20000000,501,2026-06-09T00:00:00,yfinance,,14655140.031572914,,
375,SKYW,ranked,ranked and included in full_ranking.csv,501,2026-06-09T00:00:00,yfinance,,32089281.95,3481379328.0,51.72
376,TSBK,filtered_liquidity,fallback average dollar volume below minimum 20000000,501,2026-06-09T00:00:00,yfinance,,1033067.5391344071,,
377,MTVA,filtered_liquidity,price below minimum 5.0,506,2026-06-09T04:00:00+00:00,alpaca,,151631.6745,,
378,SCZM,filtered_liquidity,average dollar volume below minimum 20000000,501,2026-06-09T00:00:00,yfinance,,4636352.333536601,,
379,MXC,filtered_liquidity,fallback average dollar volume below minimum 20000000,501,2026-06-09T00:00:00,yfinance,,103072.88602528573,,
380,NGVT,filtered_liquidity,fallback average dollar volume below minimum 20000000,501,2026-06-09T00:00:00,yfinance,,15798139.439879227,,
381,DKS,ranked,ranked and included in full_ranking.csv,506,2026-06-09T04:00:00+00:00,alpaca,,22892907.05,19652966400.0,66.13
382,UNCY,filtered_liquidity,fallback average dollar volume below minimum 20000000,501,2026-06-09T00:00:00,yfinance,,5731180.670740008,,
383,MNTK,filtered_liquidity,price below minimum 5.0,506,2026-06-09T04:00:00+00:00,alpaca,,16918.501750000003,,
384,BJ,ranked,ranked and included in full_ranking.csv,501,2026-06-09T00:00:00,yfinance,,243541577.81,11437411328.0,43.68
385,WHG,filtered_liquidity,fallback average dollar volume below minimum 20000000,501,2026-06-09T00:00:00,yfinance,,221156.32233467101,,
386,QURE,ranked,ranked and included in full_ranking.csv,501,2026-06-09T00:00:00,yfinance,,43708712.72,1668765568.0,23.95
387,DGICB,filtered_liquidity,fallback average dollar volume below minimum 20000000,500,2026-06-08T00:00:00,yfinance,,9778.450031280518,,
388,ASIC,filtered_liquidity,fallback average dollar volume below minimum 20000000,250,2026-06-09T00:00:00,yfinance,,1321452.1904755593,,
389,CINF,ranked,ranked and included in full_ranking.csv,501,2026-06-09T00:00:00,yfinance,,101098566.7,25342328832.0,65.44
390,BZAI,filtered_liquidity,price below minimum 5.0,352,2026-06-09T04:00:00+00:00,alpaca,,367853.8615,,
391,OPTH,provider_partial,missing or insufficient price history after fallback,14,2026-06-09T00:00:00,yfinance,,,,
392,TCBK,filtered_liquidity,fallback average dollar volume below minimum 20000000,501,2026-06-09T00:00:00,yfinance,,5543349.15124321,,
393,NOG,ranked,ranked and included in full_ranking.csv,501,2026-06-09T00:00:00,yfinance,,64152849.64,2256183296.0,33.34
394,BCHT,filtered_liquidity,price below minimum 5.0,501,2026-06-09T00:00:00,yfinance,,237481.02977277042,,
395,COPL,filtered_liquidity,fallback average dollar volume below minimum 20000000,257,2026-06-09T00:00:00,yfinance,,237731.7975215912,,
396,STRL,ranked,ranked and included in full_ranking.csv,506,2026-06-09T04:00:00+00:00,alpaca,,33607149.23,25837881344.0,53.03
397,BKTI,filtered_liquidity,fallback average dollar volume below minimum 20000000,501,2026-06-09T00:00:00,yfinance,,3751054.0681030275,,
398,IBN,ranked,ranked and included in full_ranking.csv,501,2026-06-09T00:00:00,yfinance,,193449191.05,94260805632.0,55.24
399,TRMB,ranked,ranked and included in full_ranking.csv,501,2026-06-09T00:00:00,yfinance,,162102045.19,12343255040.0,46.32
400,PCRX,filtered_liquidity,fallback average dollar volume below minimum 20000000,501,2026-06-09T00:00:00,yfinance,,10319039.852703094,,
401,UBS,ranked,ranked and included in full_ranking.csv,501,2026-06-09T00:00:00,yfinance,,107511500.02,156875751424.0,77.13
402,ALM,ranked,ranked and included in full_ranking.csv,501,2026-06-09T00:00:00,yfinance,,92251656.96,4531357696.0,17.35
403,GRC,filtered_liquidity,fallback average dollar volume below minimum 20000000,501,2026-06-09T00:00:00,yfinance,,8314293.939418793,,
404,SSBI,filtered_liquidity,fallback average dollar volume below minimum 20000000,501,2026-06-09T00:00:00,yfinance,,59423.888041973114,,
405,BKKT,filtered_market_cap,market cap below minimum 1000000000 or unavailable,501,2026-06-09T00:00:00,yfinance,,24896968.14796567,344243296.0,
406,VACI,provider_partial,missing or insufficient price history after fallback,137,2026-06-09T00:00:00,yfinance,,,,
407,ELVN,ranked,ranked and included in full_ranking.csv,501,2026-06-09T00:00:00,yfinance,,32839823.61,2199277568.0,31.27
408,WYNN,ranked,ranked and included in full_ranking.csv,501,2026-06-09T00:00:00,yfinance,,140808575.59,11150845952.0,66.03
409,RAVE,filtered_liquidity,price below minimum 5.0,505,2026-06-08T04:00:00+00:00,alpaca,,6251.6085,,
410,MAGN,filtered_liquidity,fallback average dollar volume below minimum 20000000,501,2026-06-09T00:00:00,yfinance,,3920716.561074448,,
411,CWAN,ranked,ranked and included in full_ranking.csv,501,2026-06-09T00:00:00,yfinance,,60958852.63,7268189696.0,64.7
412,CLBR,filtered_liquidity,average dollar volume below minimum 20000000,505,2026-06-08T04:00:00+00:00,alpaca,,1150.9379999999999,,
413,MGRC,filtered_liquidity,fallback average dollar volume below minimum 20000000,501,2026-06-09T00:00:00,yfinance,,17236773.652648926,,
414,ICUI,ranked,ranked and included in full_ranking.csv,501,2026-06-09T00:00:00,yfinance,,40316332.28,3549089024.0,65.97
415,IKT,filtered_liquidity,price below minimum 5.0,506,2026-06-09T04:00:00+00:00,alpaca,,89102.88225,,
416,LAWR,filtered_liquidity,price below minimum 5.0,225,2026-06-08T04:00:00+00:00,alpaca,,0.0,,
417,BRUN,ranked,ranked and included in full_ranking.csv,361,2026-06-09T00:00:00,yfinance,,73036769.68,1790645760.0,37.73
418,EQT,ranked,ranked and included in full_ranking.csv,506,2026-06-09T04:00:00+00:00,alpaca,,22402571.14,32956436480.0,53.57
419,LTH,ranked,ranked and included in full_ranking.csv,501,2026-06-09T00:00:00,yfinance,,87174677.14,7261301248.0,68.37
420,DLX,filtered_liquidity,fallback average dollar volume below minimum 20000000,501,2026-06-09T00:00:00,yfinance,,11157086.52010994,,
421,BATRA,filtered_liquidity,fallback average dollar volume below minimum 20000000,501,2026-06-09T00:00:00,yfinance,,2390925.2111915587,,
422,COR,ranked,ranked and included in full_ranking.csv,506,2026-06-09T04:00:00+00:00,alpaca,,29699322.67,54393434112.0,47.77
423,DG,ranked,ranked and included in full_ranking.csv,506,2026-06-09T04:00:00+00:00,alpaca,,26197799.86,24127766528.0,47.03
424,INTJ,filtered_liquidity,fallback price below minimum 5.0,501,2026-06-09T00:00:00,yfinance,,26301.809865951538,,
425,SI,provider_partial,missing or insufficient price history after fallback,216,2026-06-09T00:00:00,yfinance,,,,
426,WBUY,filtered_liquidity,price below minimum 5.0,273,2026-06-09T04:00:00+00:00,alpaca,,909.69722,,
427,CRVS,filtered_market_cap,market cap below minimum 1000000000 or unavailable,501,2026-06-09T00:00:00,yfinance,,23953469.728811644,939290048.0,
428,NN,ranked,ranked and included in full_ranking.csv,501,2026-06-09T00:00:00,yfinance,,61527837.38,2847439104.0,34.87
429,CELC,ranked,ranked and included in full_ranking.csv,501,2026-06-09T00:00:00,yfinance,,188684864.12,4515270656.0,15.17
430,AKA,filtered_liquidity,fallback average dollar volume below minimum 20000000,501,2026-06-09T00:00:00,yfinance,,61061.86011295319,,
431,TECH,ranked,ranked and included in full_ranking.csv,501,2026-06-09T00:00:00,yfinance,,150111817.59,8518905856.0,58.07
432,SUMA,provider_partial,missing or insufficient price history after fallback,36,2026-06-09T00:00:00,yfinance,,,,
433,DTIL,filtered_liquidity,fallback average dollar volume below minimum 20000000,501,2026-06-09T00:00:00,yfinance,,2612223.502076745,,
434,HBAN,ranked,ranked and included in full_ranking.csv,506,2026-06-09T04:00:00+00:00,alpaca,,21083902.74,34096336896.0,71.52
435,EXPD,ranked,ranked and included in full_ranking.csv,501,2026-06-09T00:00:00,yfinance,,187442176.27,21755797504.0,77.24
436,FVR,filtered_liquidity,fallback average dollar volume below minimum 20000000,422,2026-06-09T00:00:00,yfinance,,2337804.6012607575,,
437,HLT,ranked,ranked and included in full_ranking.csv,506,2026-06-09T04:00:00+00:00,alpaca,,25361052.73,77985505280.0,76.64
438,CVM,filtered_liquidity,price below minimum 5.0,506,2026-06-09T04:00:00+00:00,alpaca,,16358.486500000003,,
439,RHLD,ranked,ranked and included in full_ranking.csv,325,2026-06-09T00:00:00,yfinance,,21495397.0,1008481344.0,32.1
440,KINS,filtered_liquidity,fallback average dollar volume below minimum 20000000,501,2026-06-09T00:00:00,yfinance,,1776558.2398222922,,
441,INGM,ranked,ranked and included in full_ranking.csv,406,2026-06-09T00:00:00,yfinance,,34511265.0,6712851456.0,70.49
442,BGMS,filtered_liquidity,price below minimum 5.0,506,2026-06-09T04:00:00+00:00,alpaca,,20915.705625000002,,
443,IGC,filtered_liquidity,price below minimum 5.0,506,2026-06-09T04:00:00+00:00,alpaca,,840.3571300000001,,
444,UTI,ranked,ranked and included in full_ranking.csv,501,2026-06-09T00:00:00,yfinance,,69018012.35,2162810880.0,54.73
445,IBAC,filtered_liquidity,fallback average dollar volume below minimum 20000000,501,2026-06-09T00:00:00,yfinance,,64803.505755519865,,
446,AORT,filtered_liquidity,fallback average dollar volume below minimum 20000000,501,2026-06-09T00:00:00,yfinance,,16421634.185853291,,
447,HIPO,filtered_liquidity,fallback average dollar volume below minimum 20000000,501,2026-06-09T00:00:00,yfinance,,3088331.502893448,,
448,SBC,filtered_liquidity,price below minimum 5.0,504,2026-06-09T04:00:00+00:00,alpaca,,18768.973000000005,,
449,RCKT,filtered_liquidity,price below minimum 5.0,506,2026-06-09T04:00:00+00:00,alpaca,,331506.824,,
450,CLWT,filtered_liquidity,price below minimum 5.0,506,2026-06-09T04:00:00+00:00,alpaca,,240.14175,,
451,DSP,filtered_liquidity,fallback average dollar volume below minimum 20000000,501,2026-06-09T00:00:00,yfinance,,3491848.604089546,,
452,WSR,filtered_liquidity,fallback average dollar volume below minimum 20000000,501,2026-06-09T00:00:00,yfinance,,9029629.154208755,,
453,RYAM,filtered_liquidity,fallback average dollar volume below minimum 20000000,501,2026-06-09T00:00:00,yfinance,,7969208.339023972,,
454,MLYS,ranked,ranked and included in full_ranking.csv,501,2026-06-09T00:00:00,yfinance,,50713503.73,2131672064.0,15.9
455,SDGR,filtered_liquidity,fallback average dollar volume below minimum 20000000,501,2026-06-09T00:00:00,yfinance,,18969023.28180809,,
456,CBNA,filtered_liquidity,fallback average dollar volume below minimum 20000000,420,2026-06-09T00:00:00,yfinance,,195955.19314746856,,
457,LXU,filtered_liquidity,fallback average dollar volume below minimum 20000000,501,2026-06-09T00:00:00,yfinance,,12269843.797122383,,
458,TROX,ranked,ranked and included in full_ranking.csv,501,2026-06-09T00:00:00,yfinance,,23411072.08,1129430528.0,19.27
459,USAR,ranked,ranked and included in full_ranking.csv,501,2026-06-09T00:00:00,yfinance,,448364275.69,5113377792.0,10.49
460,CHD,ranked,ranked and included in full_ranking.csv,501,2026-06-09T00:00:00,yfinance,,192331660.14,22990637056.0,69.19
461,MRP,ranked,ranked and included in full_ranking.csv,337,2026-06-09T00:00:00,yfinance,,43638279.03,4865203712.0,60.97
462,ASB,ranked,ranked and included in full_ranking.csv,501,2026-06-09T00:00:00,yfinance,,45109072.05,5363353600.0,80.34
463,GNW,ranked,ranked and included in full_ranking.csv,501,2026-06-09T00:00:00,yfinance,,22295496.85,3336010496.0,56.07
464,HUMA,filtered_liquidity,price below minimum 5.0,506,2026-06-09T04:00:00+00:00,alpaca,,235811.979965,,
465,WELL,ranked,ranked and included in full_ranking.csv,506,2026-06-09T04:00:00+00:00,alpaca,,32150618.53,145961926656.0,53.3
466,UTSI,filtered_liquidity,price below minimum 5.0,505,2026-06-08T04:00:00+00:00,alpaca,,157.1595,,
467,CNVS,filtered_liquidity,price below minimum 5.0,506,2026-06-09T04:00:00+00:00,alpaca,,5189.755500000001,,
468,WMG,ranked,ranked and included in full_ranking.csv,501,2026-06-09T00:00:00,yfinance,,90649560.57,15314631680.0,53.31
469,AGBK,provider_partial,missing or insufficient price history after fallback,82,2026-06-09T00:00:00,yfinance,,,,
470,ELAN,ranked,ranked and included in full_ranking.csv,501,2026-06-09T00:00:00,yfinance,,156528072.74,12236514304.0,53.92
471,LH,ranked,ranked and included in full_ranking.csv,501,2026-06-09T00:00:00,yfinance,,144381307.1,22241679360.0,70.67
472,GIW,provider_partial,missing or insufficient price history after fallback,155,2026-06-09T00:00:00,yfinance,,,,
473,IQV,ranked,ranked and included in full_ranking.csv,506,2026-06-09T04:00:00+00:00,alpaca,,20215544.4,31085125632.0,61.9
474,JOB,filtered_liquidity,price below minimum 5.0,505,2026-06-08T04:00:00+00:00,alpaca,,262.1659250000001,,
475,LXRX,filtered_liquidity,price below minimum 5.0,506,2026-06-09T04:00:00+00:00,alpaca,,250858.94249999998,,
476,GTM,filtered_liquidity,price below minimum 5.0,506,2026-06-09T04:00:00+00:00,alpaca,,3185828.09875,,
477,BOLT,filtered_liquidity,price below minimum 5.0,505,2026-06-08T04:00:00+00:00,alpaca,,1353.57,,
478,RGEN,ranked,ranked and included in full_ranking.csv,501,2026-06-09T00:00:00,yfinance,,142051155.46,7340339712.0,59.13
479,GLXY,ranked,ranked and included in full_ranking.csv,267,2026-06-09T00:00:00,yfinance,,186648746.44,12741935104.0,40.39
480,IAG,ranked,ranked and included in full_ranking.csv,501,2026-06-09T00:00:00,yfinance,,88686690.38,8924319744.0,37.34
481,MANH,ranked,ranked and included in full_ranking.csv,501,2026-06-09T00:00:00,yfinance,,83449876.61,8669979648.0,61.3
482,WAY,ranked,ranked and included in full_ranking.csv,501,2026-06-09T00:00:00,yfinance,,45720574.14,3677053184.0,39.36
483,CRI,ranked,ranked and included in full_ranking.csv,501,2026-06-09T00:00:00,yfinance,,32008971.59,1466634624.0,66.29
484,COF,ranked,ranked and included in full_ranking.csv,506,2026-06-09T04:00:00+00:00,alpaca,,49109626.79,114097389568.0,46.03
485,KR,ranked,ranked and included in full_ranking.csv,506,2026-06-09T04:00:00+00:00,alpaca,,21212896.14,38837157888.0,48.35
486,CSAN,filtered_liquidity,price below minimum 5.0,506,2026-06-09T04:00:00+00:00,alpaca,,580600.73225,,
487,CHDN,ranked,ranked and included in full_ranking.csv,501,2026-06-09T00:00:00,yfinance,,67449521.21,6190479872.0,50.66
488,MGLD,filtered_liquidity,price below minimum 5.0,505,2026-06-08T04:00:00+00:00,alpaca,,58.237,,
489,BNL,ranked,ranked and included in full_ranking.csv,501,2026-06-09T00:00:00,yfinance,,33562426.44,4189310208.0,77.66
490,MUR,ranked,ranked and included in full_ranking.csv,501,2026-06-09T00:00:00,yfinance,,62923824.06,5537593856.0,62.83
491,AMRZ,ranked,ranked and included in full_ranking.csv,243,2026-06-09T00:00:00,yfinance,,180325565.6,29165844480.0,49.85
492,SAIA,ranked,ranked and included in full_ranking.csv,501,2026-06-09T00:00:00,yfinance,,171136771.16,12750301184.0,72.62
493,ACGC,provider_partial,missing or insufficient price history after fallback,9,2026-06-09T00:00:00,yfinance,,,,
494,WBTN,filtered_liquidity,fallback average dollar volume below minimum 20000000,489,2026-06-09T00:00:00,yfinance,,4707724.537733364,,
495,CTGO,filtered_liquidity,fallback average dollar volume below minimum 20000000,501,2026-06-09T00:00:00,yfinance,,9176728.854138708,,
496,DCH,ranked,ranked and included in full_ranking.csv,501,2026-06-09T00:00:00,yfinance,,26450842.36,1495410432.0,32.11
497,CAQ,provider_partial,missing or insufficient price history after fallback,50,2026-06-09T00:00:00,yfinance,,,,
498,PTGX,ranked,ranked and included in full_ranking.csv,501,2026-06-09T00:00:00,yfinance,,56273346.62,6808645120.0,64.63
499,FPH,filtered_liquidity,fallback average dollar volume below minimum 20000000,501,2026-06-09T00:00:00,yfinance,,956826.3970552444,,
500,JYD,filtered_liquidity,price below minimum 5.0,506,2026-06-09T04:00:00+00:00,alpaca,,10473.05377,,
501,PLYX,provider_partial,missing or insufficient price history after fallback,89,2026-06-09T00:00:00,yfinance,,,,
502,BFLY,filtered_liquidity,fallback average dollar volume below minimum 20000000,501,2026-06-09T00:00:00,yfinance,,18957819.944013834,,
503,HIW,ranked,ranked and included in full_ranking.csv,501,2026-06-09T00:00:00,yfinance,,39146354.92,3347039232.0,65.91
504,IR,ranked,ranked and included in full_ranking.csv,501,2026-06-09T00:00:00,yfinance,,282021686.39,28923707392.0,48.38
505,STXS,filtered_liquidity,price below minimum 5.0,506,2026-06-09T04:00:00+00:00,alpaca,,45625.154,,
506,CMII,provider_partial,missing or insufficient price history after fallback,71,2026-06-09T00:00:00,yfinance,,,,
507,NUE,ranked,ranked and included in full_ranking.csv,501,2026-06-09T00:00:00,yfinance,,347078614.24,57919078400.0,67.12
508,SVIV,provider_partial,missing or insufficient price history after fallback,70,2026-06-09T00:00:00,yfinance,,,,
509,VRSN,ranked,ranked and included in full_ranking.csv,501,2026-06-09T00:00:00,yfinance,,237943020.19,25833992192.0,60.57
510,CATX,filtered_liquidity,price below minimum 5.0,506,2026-06-09T04:00:00+00:00,alpaca,,306599.32050000003,,
511,HDSN,filtered_liquidity,fallback average dollar volume below minimum 20000000,501,2026-06-09T00:00:00,yfinance,,2973963.18817873,,
512,PLTS,provider_partial,missing or insufficient price history after fallback,180,2026-06-08T00:00:00,yfinance,,,,
513,STRR,filtered_liquidity,fallback average dollar volume below minimum 20000000,501,2026-06-09T00:00:00,yfinance,,102386.30741209984,,
514,EBS,filtered_liquidity,fallback average dollar volume below minimum 20000000,501,2026-06-09T00:00:00,yfinance,,6570184.458812332,,
515,RGA,ranked,ranked and included in full_ranking.csv,501,2026-06-09T00:00:00,yfinance,,70120503.64,13318825984.0,58.01
516,MERC,filtered_liquidity,price below minimum 5.0,506,2026-06-09T04:00:00+00:00,alpaca,,13214.757655,,
517,III,filtered_liquidity,price below minimum 5.0,506,2026-06-09T04:00:00+00:00,alpaca,,75172.6899,,
518,PWP,ranked,ranked and included in full_ranking.csv,501,2026-06-09T00:00:00,yfinance,,22437167.8,1455637760.0,37.05
519,PLX,filtered_liquidity,price below minimum 5.0,506,2026-06-09T04:00:00+00:00,alpaca,,95075.69499999999,,
520,SMRT,filtered_liquidity,price below minimum 5.0,506,2026-06-09T04:00:00+00:00,alpaca,,110746.22725,,
521,MAS,ranked,ranked and included in full_ranking.csv,501,2026-06-09T00:00:00,yfinance,,177336229.25,14595485696.0,72.24
522,SCM,filtered_liquidity,fallback average dollar volume below minimum 20000000,501,2026-06-09T00:00:00,yfinance,,1645403.8856655122,,
523,LEVI,ranked,ranked and included in full_ranking.csv,501,2026-06-09T00:00:00,yfinance,,54488723.36,9064933376.0,73.2
524,TRSG,filtered_liquidity,price below minimum 5.0,505,2026-06-08T04:00:00+00:00,alpaca,,54.123000000000005,,
525,MPV,filtered_liquidity,fallback average dollar volume below minimum 20000000,501,2026-06-09T00:00:00,yfinance,,200581.20606946945,,
526,IDT,filtered_liquidity,fallback average dollar volume below minimum 20000000,501,2026-06-09T00:00:00,yfinance,,7873827.917171478,,
527,ECOR,filtered_liquidity,fallback average dollar volume below minimum 20000000,501,2026-06-09T00:00:00,yfinance,,1515498.1989095688,,
528,NEOG,ranked,ranked and included in full_ranking.csv,501,2026-06-09T00:00:00,yfinance,,25101734.43,2022182528.0,47.78
529,CETX,filtered_liquidity,price below minimum 5.0,506,2026-06-09T04:00:00+00:00,alpaca,,4186.014300000001,,
530,STTK,filtered_liquidity,price below minimum 5.0,506,2026-06-09T04:00:00+00:00,alpaca,,220553.74049999999,,
531,RSKD,filtered_liquidity,price below minimum 5.0,506,2026-06-09T04:00:00+00:00,alpaca,,411231.6222500001,,
532,MATW,filtered_liquidity,fallback average dollar volume below minimum 20000000,501,2026-06-09T00:00:00,yfinance,,6929790.782677745,,
533,PGC,filtered_liquidity,fallback average dollar volume below minimum 20000000,501,2026-06-09T00:00:00,yfinance,,4841466.419557953,,
534,LPTH,filtered_market_cap,market cap below minimum 1000000000 or unavailable,501,2026-06-09T00:00:00,yfinance,,68647588.08449765,883446976.0,
535,CX,ranked,ranked and included in full_ranking.csv,501,2026-06-09T00:00:00,yfinance,,59112921.88,17430865920.0,57.67
536,CREX,filtered_liquidity,price below minimum 5.0,506,2026-06-09T04:00:00+00:00,alpaca,,3258.40175,,
537,BCH,filtered_liquidity,fallback average dollar volume below minimum 20000000,501,2026-06-09T00:00:00,yfinance,,13355028.559181213,,
538,TU,ranked,ranked and included in full_ranking.csv,501,2026-06-09T00:00:00,yfinance,,62333454.91,19142137856.0,38.92
539,RIME,filtered_liquidity,price below minimum 5.0,506,2026-06-09T04:00:00+00:00,alpaca,,3100.11664,,
540,GENC,filtered_liquidity,fallback average dollar volume below minimum 20000000,501,2026-06-09T00:00:00,yfinance,,515803.0887907028,,
541,NEUP,filtered_liquidity,price below minimum 5.0,505,2026-06-09T04:00:00+00:00,alpaca,,1889.8160000000003,,
542,INAC,provider_partial,missing or insufficient price history after fallback,217,2026-06-09T00:00:00,yfinance,,,,
543,MC,ranked,ranked and included in full_ranking.csv,501,2026-06-09T00:00:00,yfinance,,51929866.04,5264355840.0,69.05
544,PS,provider_partial,missing or insufficient price history after fallback,29,2026-06-09T00:00:00,yfinance,,,,
545,JSPR,filtered_liquidity,price below minimum 5.0,506,2026-06-09T04:00:00+00:00,alpaca,,3857.2140000000013,,
546,NKSH,filtered_liquidity,fallback average dollar volume below minimum 20000000,501,2026-06-09T00:00:00,yfinance,,904920.4656557083,,
547,VGNT,provider_partial,missing or insufficient price history after fallback,51,2026-06-09T00:00:00,yfinance,,,,
548,AEAQ,provider_partial,missing or insufficient price history after fallback,93,2026-06-08T00:00:00,yfinance,,,,
549,DCI,ranked,ranked and included in full_ranking.csv,501,2026-06-09T00:00:00,yfinance,,67030975.38,9986896896.0,56.65
550,NVGS,filtered_liquidity,fallback average dollar volume below minimum 20000000,501,2026-06-09T00:00:00,yfinance,,9881929.641767502,,
551,AVNW,filtered_liquidity,fallback average dollar volume below minimum 20000000,501,2026-06-09T00:00:00,yfinance,,3294028.9787668227,,
552,AMBA,ranked,ranked and included in full_ranking.csv,501,2026-06-09T00:00:00,yfinance,,141090216.41,2884333056.0,21.55
553,MACI,filtered_liquidity,fallback average dollar volume below minimum 20000000,475,2026-06-08T00:00:00,yfinance,,376888.1624889374,,
554,SRTA,filtered_liquidity,fallback average dollar volume below minimum 20000000,501,2026-06-09T00:00:00,yfinance,,5895758.205803037,,
555,AGO,ranked,ranked and included in full_ranking.csv,501,2026-06-09T00:00:00,yfinance,,31756687.72,3336683520.0,49.0
556,FIVN,ranked,ranked and included in full_ranking.csv,501,2026-06-09T00:00:00,yfinance,,79821661.42,1659907200.0,48.75
557,JXN,ranked,ranked and included in full_ranking.csv,501,2026-06-09T00:00:00,yfinance,,56045086.1,7495291392.0,50.01
558,HNRG,filtered_liquidity,fallback average dollar volume below minimum 20000000,501,2026-06-09T00:00:00,yfinance,,14174123.073303318,,
559,LWAY,filtered_liquidity,fallback average dollar volume below minimum 20000000,501,2026-06-09T00:00:00,yfinance,,4758254.401680946,,
560,BMEA,filtered_liquidity,price below minimum 5.0,506,2026-06-09T04:00:00+00:00,alpaca,,57772.647,,
561,HUDI,filtered_liquidity,price below minimum 5.0,506,2026-06-09T04:00:00+00:00,alpaca,,2497.43204,,
562,CTOS,filtered_liquidity,fallback average dollar volume below minimum 20000000,501,2026-06-09T00:00:00,yfinance,,8646597.758787919,,
563,CMS,ranked,ranked and included in full_ranking.csv,501,2026-06-09T00:00:00,yfinance,,230509086.06,22436831232.0,56.96
564,SHIP,filtered_liquidity,fallback average dollar volume below minimum 20000000,501,2026-06-09T00:00:00,yfinance,,3901064.883949089,,
565,SGHT,filtered_liquidity,price below minimum 5.0,506,2026-06-09T04:00:00+00:00,alpaca,,65024.32550000001,,
566,GXAI,filtered_liquidity,price below minimum 5.0,506,2026-06-09T04:00:00+00:00,alpaca,,137457.65975000002,,
567,GJH,filtered_liquidity,fallback average dollar volume below minimum 20000000,501,2026-06-09T00:00:00,yfinance,,19846.466642761232,,
568,CAAS,filtered_liquidity,price below minimum 5.0,506,2026-06-09T04:00:00+00:00,alpaca,,1856.5785,,
569,CHMG,filtered_liquidity,fallback average dollar volume below minimum 20000000,501,2026-06-09T00:00:00,yfinance,,3472681.961077881,,
570,RENX,filtered_liquidity,price below minimum 5.0,506,2026-06-09T04:00:00+00:00,alpaca,,2410.10825,,
571,OR,ranked,ranked and included in full_ranking.csv,501,2026-06-09T00:00:00,yfinance,,26434962.19,6194863616.0,41.62
572,SCI,ranked,ranked and included in full_ranking.csv,501,2026-06-09T00:00:00,yfinance,,113150908.08,9918734336.0,46.38
573,SRTS,filtered_liquidity,price below minimum 5.0,506,2026-06-09T04:00:00+00:00,alpaca,,4382.4847500000005,,
574,IMMX,filtered_liquidity,fallback average dollar volume below minimum 20000000,501,2026-06-09T00:00:00,yfinance,,13085156.989397336,,
575,CLPR,filtered_liquidity,price below minimum 5.0,506,2026-06-09T04:00:00+00:00,alpaca,,13041.1927,,
576,CVLG,filtered_liquidity,fallback average dollar volume below minimum 20000000,501,2026-06-09T00:00:00,yfinance,,8165456.92206459,,
577,OMC,ranked,ranked and included in full_ranking.csv,501,2026-06-09T00:00:00,yfinance,,240518224.06,21555017728.0,52.96
578,ABCB,ranked,ranked and included in full_ranking.csv,501,2026-06-09T00:00:00,yfinance,,32756780.99,5793884672.0,79.19
579,EIG,filtered_liquidity,fallback average dollar volume below minimum 20000000,501,2026-06-09T00:00:00,yfinance,,8946264.621248435,,
580,SBSI,filtered_liquidity,fallback average dollar volume below minimum 20000000,501,2026-06-09T00:00:00,yfinance,,2481198.4728523255,,
581,ZD,ranked,ranked and included in full_ranking.csv,501,2026-06-09T00:00:00,yfinance,,24821559.87,1708057472.0,68.05
582,DBI,filtered_liquidity,fallback average dollar volume below minimum 20000000,501,2026-06-09T00:00:00,yfinance,,5126349.500589704,,
583,MNKD,filtered_liquidity,price below minimum 5.0,506,2026-06-09T04:00:00+00:00,alpaca,,934556.913,,
584,ABT,ranked,ranked and included in full_ranking.csv,506,2026-06-09T04:00:00+00:00,alpaca,,45632820.82,158940446720.0,56.63
585,IPSC,filtered_liquidity,price below minimum 5.0,506,2026-06-09T04:00:00+00:00,alpaca,,140508.41124999998,,
586,RBC,ranked,ranked and included in full_ranking.csv,501,2026-06-09T00:00:00,yfinance,,175179725.16,18741102592.0,66.91
587,USCB,filtered_liquidity,fallback average dollar volume below minimum 20000000,501,2026-06-09T00:00:00,yfinance,,936384.9970176697,,
588,WDC,ranked,ranked and included in full_ranking.csv,506,2026-06-09T04:00:00+00:00,alpaca,,112718228.47,178448826368.0,67.66
589,ZWS,ranked,ranked and included in full_ranking.csv,501,2026-06-09T00:00:00,yfinance,,39167438.1,8095644160.0,59.72
590,ESQ,filtered_liquidity,fallback average dollar volume below minimum 20000000,501,2026-06-09T00:00:00,yfinance,,11405856.978152465,,
591,SNOA,filtered_liquidity,price below minimum 5.0,506,2026-06-09T04:00:00+00:00,alpaca,,1599.50675,,
592,HBIO,filtered_liquidity,fallback average dollar volume below minimum 20000000,501,2026-06-09T00:00:00,yfinance,,165172.43464388847,,
593,QCRH,filtered_liquidity,fallback average dollar volume below minimum 20000000,501,2026-06-09T00:00:00,yfinance,,8288214.227494049,,
594,ENB,ranked,ranked and included in full_ranking.csv,501,2026-06-09T00:00:00,yfinance,,275703465.61,121282502656.0,56.9
595,CCU,filtered_liquidity,fallback average dollar volume below minimum 20000000,501,2026-06-09T00:00:00,yfinance,,2153549.4348136904,,
596,AGNC,ranked,ranked and included in full_ranking.csv,501,2026-06-09T00:00:00,yfinance,,149218312.53,11835150336.0,50.09
597,BCTX,filtered_liquidity,price below minimum 5.0,506,2026-06-09T04:00:00+00:00,alpaca,,20040.074500000006,,
598,MWA,ranked,ranked and included in full_ranking.csv,501,2026-06-09T00:00:00,yfinance,,31601091.73,4087024640.0,58.78
599,FLYW,ranked,ranked and included in full_ranking.csv,501,2026-06-09T00:00:00,yfinance,,34305535.98,1743894656.0,49.32
600,WSC,ranked,ranked and included in full_ranking.csv,501,2026-06-09T00:00:00,yfinance,,57247364.2,4982783488.0,47.76
601,LYEL,filtered_liquidity,fallback average dollar volume below minimum 20000000,501,2026-06-09T00:00:00,yfinance,,1558407.4455235004,,
602,RDGT,filtered_liquidity,price below minimum 5.0,505,2026-06-09T04:00:00+00:00,alpaca,,5840.356750000001,,
603,TYRA,ranked,ranked and included in full_ranking.csv,501,2026-06-09T00:00:00,yfinance,,26690810.23,1542661632.0,27.26
604,ALLE,ranked,ranked and included in full_ranking.csv,501,2026-06-09T00:00:00,yfinance,,119281722.14,11261895680.0,46.46
605,BUD,ranked,ranked and included in full_ranking.csv,501,2026-06-09T00:00:00,yfinance,,134186531.11,156797468672.0,68.09
606,CMTL,filtered_liquidity,price below minimum 5.0,506,2026-06-09T04:00:00+00:00,alpaca,,82374.2245,,
607,CR,ranked,ranked and included in full_ranking.csv,501,2026-06-09T00:00:00,yfinance,,89650927.66,11602263040.0,70.84
608,ERAS,ranked,ranked and included in full_ranking.csv,501,2026-06-09T00:00:00,yfinance,,61229092.81,4170302720.0,28.0
609,MUSA,ranked,ranked and included in full_ranking.csv,501,2026-06-09T00:00:00,yfinance,,156761968.64,10275795968.0,64.85
610,MIST,filtered_liquidity,price below minimum 5.0,506,2026-06-09T04:00:00+00:00,alpaca,,108568.72275,,
611,BUR,filtered_liquidity,price below minimum 5.0,506,2026-06-09T04:00:00+00:00,alpaca,,599225.0232500001,,
612,ICE,ranked,ranked and included in full_ranking.csv,506,2026-06-09T04:00:00+00:00,alpaca,,32548221.45,80053952512.0,53.48
613,SVCC,filtered_liquidity,fallback average dollar volume below minimum 20000000,305,2026-06-09T00:00:00,yfinance,,6351.899956703186,,
614,ACFN,filtered_liquidity,fallback average dollar volume below minimum 20000000,501,2026-06-09T00:00:00,yfinance,,126147.25679130554,,
615,OPAD,filtered_liquidity,fallback average dollar volume below minimum 20000000,501,2026-06-09T00:00:00,yfinance,,588568.4114582777,,
616,TCRX,filtered_liquidity,price below minimum 5.0,506,2026-06-09T04:00:00+00:00,alpaca,,18494.663595,,
617,CGNX,ranked,ranked and included in full_ranking.csv,501,2026-06-09T00:00:00,yfinance,,138094309.57,10204840960.0,67.64
618,AYTU,filtered_liquidity,price below minimum 5.0,506,2026-06-09T04:00:00+00:00,alpaca,,875.22325,,
619,SIEB,filtered_liquidity,price below minimum 5.0,506,2026-06-09T04:00:00+00:00,alpaca,,1509.3715000000002,,
620,PR,ranked,ranked and included in full_ranking.csv,501,2026-06-09T00:00:00,yfinance,,188065012.6,16541494272.0,49.74
621,LBRT,ranked,ranked and included in full_ranking.csv,501,2026-06-09T00:00:00,yfinance,,100776649.16,4590574592.0,38.8
622,SRCE,filtered_liquidity,fallback average dollar volume below minimum 20000000,501,2026-06-09T00:00:00,yfinance,,8702853.122644043,,
623,SGA,filtered_liquidity,fallback average dollar volume below minimum 20000000,501,2026-06-09T00:00:00,yfinance,,140341.98917655944,,
624,SKYA,filtered_liquidity,price below minimum 5.0,506,2026-06-09T04:00:00+00:00,alpaca,,20963.02375,,
625,EQX,ranked,ranked and included in full_ranking.csv,501,2026-06-09T00:00:00,yfinance,,155455073.45,8254116352.0,33.84
626,HLIT,ranked,ranked and included in full_ranking.csv,501,2026-06-09T00:00:00,yfinance,,81181407.06,1454937088.0,47.17
627,BLSH,provider_partial,missing or insufficient price history after fallback,207,2026-06-09T00:00:00,yfinance,,,,
628,ANNA,filtered_liquidity,price below minimum 5.0,506,2026-06-09T04:00:00+00:00,alpaca,,25704.09125,,
629,AFBI,filtered_liquidity,fallback average dollar volume below minimum 20000000,501,2026-06-09T00:00:00,yfinance,,216461.09931383134,,
630,BRBS,filtered_liquidity,price below minimum 5.0,506,2026-06-09T04:00:00+00:00,alpaca,,53051.509999999995,,
631,MGNX,filtered_liquidity,price below minimum 5.0,506,2026-06-09T04:00:00+00:00,alpaca,,281412.60525,,
632,SAFT,filtered_liquidity,fallback average dollar volume below minimum 20000000,501,2026-06-09T00:00:00,yfinance,,6803317.6177948,,
633,TGS,filtered_liquidity,fallback average dollar volume below minimum 20000000,501,2026-06-09T00:00:00,yfinance,,11444454.031521415,,
634,BNS,ranked,ranked and included in full_ranking.csv,501,2026-06-09T00:00:00,yfinance,,183459261.87,100170407936.0,80.57
635,KB,ranked,ranked and included in full_ranking.csv,501,2026-06-09T00:00:00,yfinance,,23796016.04,36266823680.0,57.37
636,ZJYL,filtered_liquidity,price below minimum 5.0,505,2026-06-08T04:00:00+00:00,alpaca,,21836.35975,,
637,SEI,ranked,ranked and included in full_ranking.csv,501,2026-06-09T00:00:00,yfinance,,177791361.16,6408665088.0,54.36
638,NEOV,filtered_liquidity,price below minimum 5.0,506,2026-06-09T04:00:00+00:00,alpaca,,110703.97425,,
639,CRNX,ranked,ranked and included in full_ranking.csv,501,2026-06-09T00:00:00,yfinance,,35126579.01,3687244288.0,25.24
640,RDN,ranked,ranked and included in full_ranking.csv,501,2026-06-09T00:00:00,yfinance,,44686844.88,4554400768.0,57.44
641,PHI,filtered_liquidity,fallback average dollar volume below minimum 20000000,501,2026-06-09T00:00:00,yfinance,,2713613.5973215103,,
642,WATT,filtered_liquidity,fallback average dollar volume below minimum 20000000,501,2026-06-09T00:00:00,yfinance,,8738442.36279602,,
643,GLIBA,filtered_liquidity,fallback average dollar volume below minimum 20000000,230,2026-06-09T00:00:00,yfinance,,2051396.2269737243,,
644,RH,ranked,ranked and included in full_ranking.csv,501,2026-06-09T00:00:00,yfinance,,120369505.42,2836816128.0,46.29
645,EHTH,filtered_liquidity,price below minimum 5.0,506,2026-06-09T04:00:00+00:00,alpaca,,26290.514750000002,,
646,BL,ranked,ranked and included in full_ranking.csv,501,2026-06-09T00:00:00,yfinance,,47514445.23,1662450432.0,34.88
647,NTAP,ranked,ranked and included in full_ranking.csv,506,2026-06-09T04:00:00+00:00,alpaca,,37331868.46,32326787072.0,67.58
648,AXR,filtered_liquidity,fallback average dollar volume below minimum 20000000,501,2026-06-09T00:00:00,yfinance,,370971.79689712526,,
649,RDIB,filtered_liquidity,fallback average dollar volume below minimum 20000000,501,2026-06-09T00:00:00,yfinance,,13119.585778856277,,
650,USFD,ranked,ranked and included in full_ranking.csv,501,2026-06-09T00:00:00,yfinance,,235052411.21,19654782976.0,67.87
651,EG,ranked,ranked and included in full_ranking.csv,501,2026-06-09T00:00:00,yfinance,,137315520.79,13131835392.0,51.82
652,GDEV,filtered_liquidity,fallback average dollar volume below minimum 20000000,501,2026-06-09T00:00:00,yfinance,,53855.77050800323,,
653,GGB,filtered_liquidity,price below minimum 5.0,506,2026-06-09T04:00:00+00:00,alpaca,,6004500.14405,,
654,GYRE,filtered_liquidity,fallback average dollar volume below minimum 20000000,501,2026-06-09T00:00:00,yfinance,,622738.3303826333,,
655,VCEL,filtered_liquidity,fallback average dollar volume below minimum 20000000,501,2026-06-09T00:00:00,yfinance,,19733343.08987503,,
656,TUSK,filtered_liquidity,price below minimum 5.0,506,2026-06-09T04:00:00+00:00,alpaca,,101251.27225,,
657,INV,filtered_liquidity,fallback average dollar volume below minimum 20000000,501,2026-06-09T00:00:00,yfinance,,18589898.34048133,,
658,HUN,ranked,ranked and included in full_ranking.csv,501,2026-06-09T00:00:00,yfinance,,63641141.69,2549576192.0,49.48
659,SLE,filtered_liquidity,price below minimum 5.0,506,2026-06-09T04:00:00+00:00,alpaca,,48437.407999999996,,
660,EUDA,filtered_liquidity,fallback average dollar volume below minimum 20000000,501,2026-06-09T00:00:00,yfinance,,168455.7925102234,,
661,AESI,ranked,ranked and included in full_ranking.csv,501,2026-06-09T00:00:00,yfinance,,57058760.54,2063440256.0,36.42
662,ENLT,ranked,ranked and included in full_ranking.csv,501,2026-06-09T00:00:00,yfinance,,23141771.8,13657166848.0,55.87
663,GPAC,provider_partial,missing or insufficient price history after fallback,94,2026-06-08T00:00:00,yfinance,,,,
664,ALLR,filtered_liquidity,price below minimum 5.0,506,2026-06-09T04:00:00+00:00,alpaca,,2964.21325,,
665,SKK,filtered_liquidity,price below minimum 5.0,418,2026-06-09T04:00:00+00:00,alpaca,,6283.4415,,
666,PRSU,filtered_liquidity,fallback average dollar volume below minimum 20000000,501,2026-06-09T00:00:00,yfinance,,10020261.733752823,,
667,DFH,filtered_liquidity,fallback average dollar volume below minimum 20000000,501,2026-06-09T00:00:00,yfinance,,11363878.279501151,,
668,XPER,filtered_liquidity,fallback average dollar volume below minimum 20000000,501,2026-06-09T00:00:00,yfinance,,3869902.9880376337,,
669,QGEN,ranked,ranked and included in full_ranking.csv,501,2026-06-09T00:00:00,yfinance,,82015908.6,7785937408.0,55.88
670,WLK,ranked,ranked and included in full_ranking.csv,501,2026-06-09T00:00:00,yfinance,,87512332.35,11032667136.0,33.7
671,CMC,ranked,ranked and included in full_ranking.csv,501,2026-06-09T00:00:00,yfinance,,74415292.32,8400828416.0,66.56
672,ERO,ranked,ranked and included in full_ranking.csv,501,2026-06-09T00:00:00,yfinance,,38809399.71,2738339584.0,41.99
673,MTDR,ranked,ranked and included in full_ranking.csv,501,2026-06-09T00:00:00,yfinance,,93946117.5,6672095744.0,45.44
674,PCB,filtered_liquidity,fallback average dollar volume below minimum 20000000,501,2026-06-09T00:00:00,yfinance,,618853.150527668,,
675,BYAH,filtered_liquidity,price below minimum 5.0,362,2026-06-09T04:00:00+00:00,alpaca,,16596.32075,,
676,SONO,ranked,ranked and included in full_ranking.csv,501,2026-06-09T00:00:00,yfinance,,22928126.76,1832199040.0,58.07
677,USAU,filtered_liquidity,fallback average dollar volume below minimum 20000000,501,2026-06-09T00:00:00,yfinance,,3213479.6073186873,,
678,TNK,ranked,ranked and included in full_ranking.csv,501,2026-06-09T00:00:00,yfinance,,28233880.12,2494704128.0,59.39
679,BX,ranked,ranked and included in full_ranking.csv,506,2026-06-09T04:00:00+00:00,alpaca,,24017340.9,147025903616.0,57.17
680,ECPG,ranked,ranked and included in full_ranking.csv,501,2026-06-09T00:00:00,yfinance,,23105740.47,1770334848.0,70.58
681,STAK,filtered_liquidity,fallback average dollar volume below minimum 20000000,323,2026-06-09T00:00:00,yfinance,,15962338.65859505,,
682,QXO,ranked,ranked and included in full_ranking.csv,506,2026-06-09T04:00:00+00:00,alpaca,,22995165.11,11895007232.0,27.69
683,LYFT,ranked,ranked and included in full_ranking.csv,501,2026-06-09T00:00:00,yfinance,,207583920.17,5266196480.0,52.92
684,MGX,filtered_liquidity,price below minimum 5.0,506,2026-06-09T04:00:00+00:00,alpaca,,11538.662499999999,,
685,DLTR,ranked,ranked and included in full_ranking.csv,506,2026-06-09T04:00:00+00:00,alpaca,,21976411.09,21552379904.0,56.79
686,RGC,filtered_liquidity,fallback average dollar volume below minimum 20000000,501,2026-06-09T00:00:00,yfinance,,2353596.4795393944,,
687,BLLN,provider_partial,missing or insufficient price history after fallback,147,2026-06-09T00:00:00,yfinance,,,,
688,WT,ranked,ranked and included in full_ranking.csv,501,2026-06-09T00:00:00,yfinance,,51029554.8,2615295744.0,50.66
689,SFL,filtered_liquidity,fallback average dollar volume below minimum 20000000,501,2026-06-09T00:00:00,yfinance,,17747633.45204816,,
690,EGAN,filtered_liquidity,fallback average dollar volume below minimum 20000000,501,2026-06-09T00:00:00,yfinance,,2536345.2495325087,,
691,SCPQ,provider_partial,missing or insufficient price history after fallback,80,2026-06-08T00:00:00,yfinance,,,,
692,LGND,ranked,ranked and included in full_ranking.csv,501,2026-06-09T00:00:00,yfinance,,43259854.14,4875589120.0,76.56
693,JEM,filtered_liquidity,price below minimum 5.0,252,2026-06-09T04:00:00+00:00,alpaca,,1305.9595000000002,,
694,BALY,filtered_liquidity,fallback average dollar volume below minimum 20000000,376,2026-06-09T00:00:00,yfinance,,617829.8482847214,,
695,OBA,provider_partial,missing or insufficient price history after fallback,204,2026-06-08T00:00:00,yfinance,,,,
696,SUNB,provider_partial,missing or insufficient price history after fallback,70,2026-06-09T00:00:00,yfinance,,,,
697,TFC,ranked,ranked and included in full_ranking.csv,506,2026-06-09T04:00:00+00:00,alpaca,,26366254.07,61583814656.0,70.92
698,INOD,ranked,ranked and included in full_ranking.csv,501,2026-06-09T00:00:00,yfinance,,212558398.54,3225369600.0,46.11
699,BAK,filtered_liquidity,price below minimum 5.0,506,2026-06-09T04:00:00+00:00,alpaca,,629483.5205000001,,
700,Z,ranked,ranked and included in full_ranking.csv,501,2026-06-09T00:00:00,yfinance,,174175473.57,8111024128.0,44.94
701,LPSN,filtered_liquidity,price below minimum 5.0,506,2026-06-09T04:00:00+00:00,alpaca,,9393.649999999998,,
702,AXIN,provider_partial,missing or insufficient price history after fallback,215,2026-06-09T00:00:00,yfinance,,,,
703,CNXU,provider_partial,missing or insufficient price history after fallback,13,2026-06-09T00:00:00,yfinance,,,,
704,VVX,ranked,ranked and included in full_ranking.csv,501,2026-06-09T00:00:00,yfinance,,40986085.43,2677672448.0,68.32
705,SBSW,ranked,ranked and included in full_ranking.csv,501,2026-06-09T00:00:00,yfinance,,54851881.76,6937121280.0,24.58
706,NUTX,filtered_liquidity,fallback average dollar volume below minimum 20000000,501,2026-06-09T00:00:00,yfinance,,15844637.56427307,,
707,VHI,filtered_liquidity,fallback average dollar volume below minimum 20000000,501,2026-06-09T00:00:00,yfinance,,207028.526374197,,
708,SPMC,filtered_liquidity,fallback average dollar volume below minimum 20000000,497,2026-06-09T00:00:00,yfinance,,282583.12278633117,,
709,KFFB,filtered_liquidity,price below minimum 5.0,505,2026-06-08T04:00:00+00:00,alpaca,,0.0,,
710,PYXS,filtered_liquidity,price below minimum 5.0,506,2026-06-09T04:00:00+00:00,alpaca,,59314.46949999999,,
711,ENTA,filtered_liquidity,fallback average dollar volume below minimum 20000000,501,2026-06-09T00:00:00,yfinance,,2796052.7285730364,,
712,VRSK,ranked,ranked and included in full_ranking.csv,501,2026-06-09T00:00:00,yfinance,,339178755.68,23918036992.0,57.71
713,IMTX,filtered_liquidity,fallback average dollar volume below minimum 20000000,501,2026-06-09T00:00:00,yfinance,,6929176.682787513,,
714,SG,filtered_market_cap,market cap below minimum 1000000000 or unavailable,501,2026-06-09T00:00:00,yfinance,,60402907.4603981,950621248.0,
715,LODE,filtered_liquidity,price below minimum 5.0,506,2026-06-09T04:00:00+00:00,alpaca,,313297.16949999996,,
716,RFAM,provider_partial,missing or insufficient price history after fallback,71,2026-06-08T00:00:00,yfinance,,,,
717,JAGX,filtered_liquidity,price below minimum 5.0,506,2026-06-09T04:00:00+00:00,alpaca,,2277.9245,,
718,ARXS,provider_partial,missing or insufficient price history after fallback,38,2026-06-09T00:00:00,yfinance,,,,
719,LNSR,filtered_liquidity,fallback average dollar volume below minimum 20000000,501,2026-06-09T00:00:00,yfinance,,270635.20494925976,,
720,QTTB,filtered_liquidity,fallback average dollar volume below minimum 20000000,501,2026-06-09T00:00:00,yfinance,,19272184.79955993,,
721,YCY,provider_partial,missing or insufficient price history after fallback,152,2026-06-08T00:00:00,yfinance,,,,
722,IFBD,filtered_liquidity,price below minimum 5.0,506,2026-06-09T04:00:00+00:00,alpaca,,751.8024899999999,,
723,KVUE,ranked,ranked and included in full_ranking.csv,506,2026-06-09T04:00:00+00:00,alpaca,,23577271.95,34406555648.0,72.46
724,RELL,filtered_liquidity,fallback average dollar volume below minimum 20000000,501,2026-06-09T00:00:00,yfinance,,6594271.253404999,,
725,PRVA,filtered_liquidity,fallback average dollar volume below minimum 20000000,501,2026-06-09T00:00:00,yfinance,,19773947.30431032,,
726,YSS,provider_partial,missing or insufficient price history after fallback,91,2026-06-09T00:00:00,yfinance,,,,
727,HLXC,provider_partial,missing or insufficient price history after fallback,94,2026-06-08T00:00:00,yfinance,,,,
728,BSET,filtered_liquidity,fallback average dollar volume below minimum 20000000,501,2026-06-09T00:00:00,yfinance,,356999.68966584204,,
729,ESP,filtered_liquidity,fallback average dollar volume below minimum 20000000,501,2026-06-09T00:00:00,yfinance,,2977486.3550281525,,
730,NHIC,filtered_liquidity,fallback average dollar volume below minimum 20000000,287,2026-06-09T00:00:00,yfinance,,3967091.8436782835,,
731,CNK,ranked,ranked and included in full_ranking.csv,501,2026-06-09T00:00:00,yfinance,,58969859.64,3739544064.0,77.15
732,WM,ranked,ranked and included in full_ranking.csv,501,2026-06-09T00:00:00,yfinance,,483842165.57,88868716544.0,62.82
733,PALI,filtered_liquidity,price below minimum 5.0,506,2026-06-09T04:00:00+00:00,alpaca,,315118.05175,,
734,WTO,filtered_liquidity,price below minimum 5.0,506,2026-06-09T04:00:00+00:00,alpaca,,1988.26436,,
735,ASH,ranked,ranked and included in full_ranking.csv,501,2026-06-09T00:00:00,yfinance,,64296891.66,2861735936.0,67.38
736,PSNY,filtered_liquidity,fallback average dollar volume below minimum 20000000,501,2026-06-09T00:00:00,yfinance,,3643256.764803028,,
737,DOGZ,filtered_liquidity,price below minimum 5.0,505,2026-06-08T04:00:00+00:00,alpaca,,245.44782999999998,,
738,SNDA,ranked,ranked and included in full_ranking.csv,501,2026-06-09T00:00:00,yfinance,,23263655.52,1688367488.0,48.94
739,NPAC,filtered_liquidity,fallback average dollar volume below minimum 20000000,247,2026-06-09T00:00:00,yfinance,,176718.76055836678,,
740,BBNX,filtered_liquidity,fallback average dollar volume below minimum 20000000,341,2026-06-09T00:00:00,yfinance,,9713303.645959567,,
741,COLM,ranked,ranked and included in full_ranking.csv,501,2026-06-09T00:00:00,yfinance,,31523383.54,3361484544.0,68.96
742,EPAC,filtered_liquidity,fallback average dollar volume below minimum 20000000,501,2026-06-09T00:00:00,yfinance,,14761882.48430481,,
743,ARKR,filtered_liquidity,fallback average dollar volume below minimum 20000000,501,2026-06-09T00:00:00,yfinance,,19151.33799877167,,
744,CVS,ranked,ranked and included in full_ranking.csv,506,2026-06-09T04:00:00+00:00,alpaca,,44703490.7,123841503232.0,70.19
745,APG,ranked,ranked and included in full_ranking.csv,501,2026-06-09T00:00:00,yfinance,,105251727.34,18923399168.0,59.73
746,SF,ranked,ranked and included in full_ranking.csv,501,2026-06-09T00:00:00,yfinance,,98043661.83,10952887296.0,55.71
747,SYF,ranked,ranked and included in full_ranking.csv,501,2026-06-09T00:00:00,yfinance,,273261889.94,24329660416.0,55.89
748,TENX,filtered_liquidity,fallback average dollar volume below minimum 20000000,501,2026-06-09T00:00:00,yfinance,,7328218.53351593,,
749,INKT,filtered_liquidity,fallback average dollar volume below minimum 20000000,501,2026-06-09T00:00:00,yfinance,,536001.3046712875,,
750,SILC,filtered_liquidity,fallback average dollar volume below minimum 20000000,501,2026-06-09T00:00:00,yfinance,,8000081.028240967,,
751,CWST,ranked,ranked and included in full_ranking.csv,501,2026-06-09T00:00:00,yfinance,,51420264.66,5585588736.0,56.64
752,CSCO,ranked,ranked and included in full_ranking.csv,506,2026-06-09T04:00:00+00:00,alpaca,,160283102.53,474391085056.0,73.65
753,WAFD,filtered_liquidity,fallback average dollar volume below minimum 20000000,501,2026-06-09T00:00:00,yfinance,,17409216.84454727,,
754,NWSA,ranked,ranked and included in full_ranking.csv,501,2026-06-09T00:00:00,yfinance,,109257506.68,14825721856.0,69.11
755,TTI,filtered_liquidity,fallback average dollar volume below minimum 20000000,501,2026-06-09T00:00:00,yfinance,,16092245.496406889,,
756,SPRO,filtered_liquidity,price below minimum 5.0,506,2026-06-09T04:00:00+00:00,alpaca,,112354.44925000002,,
757,UHS,ranked,ranked and included in full_ranking.csv,501,2026-06-09T00:00:00,yfinance,,187723534.55,8874023936.0,40.89
758,CTSH,ranked,ranked and included in full_ranking.csv,506,2026-06-09T04:00:00+00:00,alpaca,,28431108.39,25040619520.0,51.66
759,GLND,filtered_liquidity,price below minimum 5.0,249,2026-06-09T04:00:00+00:00,alpaca,,88741.01499999998,,
760,MSBI,filtered_liquidity,fallback average dollar volume below minimum 20000000,501,2026-06-09T00:00:00,yfinance,,3515143.301469803,,
761,FLR,ranked,ranked and included in full_ranking.csv,501,2026-06-09T00:00:00,yfinance,,131778193.31,6910865920.0,51.74
762,LAZ,ranked,ranked and included in full_ranking.csv,501,2026-06-09T00:00:00,yfinance,,58241135.3,4656102400.0,68.11
763,WSBF,filtered_liquidity,fallback average dollar volume below minimum 20000000,501,2026-06-09T00:00:00,yfinance,,937095.8393565178,,
764,WLDN,ranked,ranked and included in full_ranking.csv,501,2026-06-09T00:00:00,yfinance,,34384739.1,1493230080.0,64.41
765,NSIT,ranked,ranked and included in full_ranking.csv,501,2026-06-09T00:00:00,yfinance,,55244808.26,3316390144.0,56.75
766,PXS,filtered_liquidity,price below minimum 5.0,506,2026-06-09T04:00:00+00:00,alpaca,,6849.914999999999,,
767,PVLA,ranked,ranked and included in full_ranking.csv,501,2026-06-09T00:00:00,yfinance,,26065333.84,1496962688.0,25.69
768,BMBL,filtered_liquidity,price below minimum 5.0,506,2026-06-09T04:00:00+00:00,alpaca,,581138.3174999999,,
769,SWX,ranked,ranked and included in full_ranking.csv,501,2026-06-09T00:00:00,yfinance,,40614734.59,6370436096.0,56.08
770,ADSK,ranked,ranked and included in full_ranking.csv,506,2026-06-09T04:00:00+00:00,alpaca,,30502911.66,47313428480.0,45.98
771,JVA,filtered_liquidity,price below minimum 5.0,506,2026-06-09T04:00:00+00:00,alpaca,,2941.9882500000003,,
772,QSI,filtered_liquidity,price below minimum 5.0,506,2026-06-09T04:00:00+00:00,alpaca,,169456.701695,,
773,AZZ,ranked,ranked and included in full_ranking.csv,501,2026-06-09T00:00:00,yfinance,,29614373.02,4327495680.0,66.05
774,PLSE,filtered_liquidity,fallback average dollar volume below minimum 20000000,501,2026-06-09T00:00:00,yfinance,,9405757.224156762,,
775,NAT,filtered_liquidity,fallback average dollar volume below minimum 20000000,501,2026-06-09T00:00:00,yfinance,,17522944.083269,,
776,FMAC,provider_partial,missing or insufficient price history after fallback,16,2026-06-09T00:00:00,yfinance,,,,
777,VEL,filtered_liquidity,fallback average dollar volume below minimum 20000000,501,2026-06-09T00:00:00,yfinance,,1416731.250237465,,
778,GIII,filtered_liquidity,fallback average dollar volume below minimum 20000000,501,2026-06-09T00:00:00,yfinance,,19517838.077454757,,
779,CHR,filtered_liquidity,price below minimum 5.0,506,2026-06-09T04:00:00+00:00,alpaca,,2905.6797500000002,,
780,CLDI,filtered_liquidity,price below minimum 5.0,506,2026-06-09T04:00:00+00:00,alpaca,,3126.38735,,
781,AIV,filtered_liquidity,price below minimum 5.0,506,2026-06-09T04:00:00+00:00,alpaca,,254941.17740000002,,
782,OSS,filtered_market_cap,market cap below minimum 1000000000 or unavailable,501,2026-06-09T00:00:00,yfinance,,27137677.235155247,389121248.0,
783,STVN,filtered_liquidity,fallback average dollar volume below minimum 20000000,501,2026-06-09T00:00:00,yfinance,,5664168.392736053,,
784,WIX,ranked,ranked and included in full_ranking.csv,501,2026-06-09T00:00:00,yfinance,,147114405.47,2017983488.0,17.69
785,FER,ranked,ranked and included in full_ranking.csv,501,2026-06-09T00:00:00,yfinance,,107016908.02,47136043008.0,45.23
786,LFTO,provider_partial,missing or insufficient price history after fallback,4,2026-06-09T00:00:00,yfinance,,,,
787,ACCL,provider_partial,missing or insufficient price history after fallback,161,2026-06-09T00:00:00,yfinance,,,,
788,MPWR,ranked,ranked and included in full_ranking.csv,506,2026-06-09T04:00:00+00:00,alpaca,,51343642.92,75266179072.0,65.26
789,HCHL,filtered_liquidity,price below minimum 5.0,242,2026-06-09T04:00:00+00:00,alpaca,,32740.23125,,
790,ANGX,provider_partial,missing or insufficient price history after fallback,187,2026-06-09T00:00:00,yfinance,,,,
791,OVV,ranked,ranked and included in full_ranking.csv,501,2026-06-09T00:00:00,yfinance,,193562094.7,15902841856.0,55.91
792,NNVC,filtered_liquidity,price below minimum 5.0,506,2026-06-09T04:00:00+00:00,alpaca,,20192.22225,,
793,HL,ranked,ranked and included in full_ranking.csv,501,2026-06-09T00:00:00,yfinance,,283299281.26,9732036608.0,35.44
794,VERX,filtered_liquidity,fallback average dollar volume below minimum 20000000,501,2026-06-09T00:00:00,yfinance,,19748480.9756052,,
795,BBCP,filtered_liquidity,fallback average dollar volume below minimum 20000000,501,2026-06-09T00:00:00,yfinance,,4569629.303356027,,
796,SW,ranked,ranked and included in full_ranking.csv,501,2026-06-09T00:00:00,yfinance,,180908631.77,21691834368.0,58.97
797,ELE,filtered_liquidity,average dollar volume below minimum 20000000,501,2026-06-09T00:00:00,yfinance,,4797045.37895813,,
798,TAVI,filtered_liquidity,fallback average dollar volume below minimum 20000000,366,2026-06-09T00:00:00,yfinance,,1029958.6048789502,,
799,BMR,filtered_liquidity,price below minimum 5.0,506,2026-06-09T04:00:00+00:00,alpaca,,1658.4105,,
800,GNE,filtered_liquidity,fallback average dollar volume below minimum 20000000,501,2026-06-09T00:00:00,yfinance,,1119963.9508419514,,
801,VNRX,filtered_liquidity,price below minimum 5.0,506,2026-06-09T04:00:00+00:00,alpaca,,16621.12075,,
802,BRT,filtered_liquidity,fallback average dollar volume below minimum 20000000,501,2026-06-09T00:00:00,yfinance,,361424.20720062254,,
803,ACIU,filtered_liquidity,price below minimum 5.0,506,2026-06-09T04:00:00+00:00,alpaca,,61818.64025,,
804,TCGL,provider_partial,missing or insufficient price history after fallback,162,2026-06-08T00:00:00,yfinance,,,,
805,ASBP,filtered_liquidity,fallback average dollar volume below minimum 20000000,501,2026-06-09T00:00:00,yfinance,,2586832.821247959,,
806,RXST,filtered_liquidity,price below minimum 5.0,506,2026-06-09T04:00:00+00:00,alpaca,,396165.12824999995,,
807,RDWR,filtered_liquidity,fallback average dollar volume below minimum 20000000,501,2026-06-09T00:00:00,yfinance,,6523919.241355324,,
808,SMTC,ranked,ranked and included in full_ranking.csv,506,2026-06-09T04:00:00+00:00,alpaca,,38579314.95,14673172480.0,51.01
809,BYD,ranked,ranked and included in full_ranking.csv,501,2026-06-09T00:00:00,yfinance,,92479205.44,6523957760.0,74.23
810,FULC,filtered_liquidity,price below minimum 5.0,506,2026-06-09T04:00:00+00:00,alpaca,,506089.19124999986,,
811,CSW,ranked,ranked and included in full_ranking.csv,501,2026-06-09T00:00:00,yfinance,,35477381.97,4540243456.0,56.58
812,LAKE,filtered_liquidity,fallback average dollar volume below minimum 20000000,501,2026-06-09T00:00:00,yfinance,,1278713.6542019844,,
813,CVR,filtered_liquidity,fallback average dollar volume below minimum 20000000,501,2026-06-09T00:00:00,yfinance,,47447.647192573546,,
814,XFLH,provider_partial,missing or insufficient price history after fallback,65,2026-06-09T00:00:00,yfinance,,,,
815,JCTC,filtered_liquidity,price below minimum 5.0,501,2026-06-08T04:00:00+00:00,alpaca,,678.8700000000001,,
816,SAIH,filtered_liquidity,fallback average dollar volume below minimum 20000000,501,2026-06-09T00:00:00,yfinance,,27648.791024017333,,
817,GWRE,ranked,ranked and included in full_ranking.csv,501,2026-06-09T00:00:00,yfinance,,254361884.55,10366251008.0,31.17
818,SLMT,filtered_liquidity,fallback average dollar volume below minimum 20000000,501,2026-06-09T00:00:00,yfinance,,773160.5819948197,,
819,EIKN,provider_partial,missing or insufficient price history after fallback,86,2026-06-09T00:00:00,yfinance,,,,
820,VNOM,ranked,ranked and included in full_ranking.csv,501,2026-06-09T00:00:00,yfinance,,74610937.0,16197840896.0,49.5
821,TFSL,filtered_liquidity,fallback average dollar volume below minimum 20000000,501,2026-06-09T00:00:00,yfinance,,15803870.897763634,,
822,KDP,ranked,ranked and included in full_ranking.csv,506,2026-06-09T04:00:00+00:00,alpaca,,23928982.9,42830413824.0,66.66
823,MGA,ranked,ranked and included in full_ranking.csv,501,2026-06-09T00:00:00,yfinance,,71431813.28,17991319552.0,68.79
824,CRDO,ranked,ranked and included in full_ranking.csv,506,2026-06-09T04:00:00+00:00,alpaca,,64193857.8,43220312064.0,57.1
825,UNF,ranked,ranked and included in full_ranking.csv,501,2026-06-09T00:00:00,yfinance,,56580858.25,4891334656.0,71.05
826,DOMO,filtered_liquidity,price below minimum 5.0,506,2026-06-09T04:00:00+00:00,alpaca,,166557.40325,,
827,CRCL,ranked,ranked and included in full_ranking.csv,254,2026-06-09T04:00:00+00:00,alpaca,,36547673.74,21677275136.0,14.12
828,MNDO,filtered_liquidity,price below minimum 5.0,506,2026-06-09T04:00:00+00:00,alpaca,,155.39676500000002,,
829,AVA,ranked,ranked and included in full_ranking.csv,501,2026-06-09T00:00:00,yfinance,,32015609.22,3475772672.0,69.49
830,TR,filtered_liquidity,fallback average dollar volume below minimum 20000000,501,2026-06-09T00:00:00,yfinance,,6905024.583110809,,
831,PFLT,filtered_liquidity,fallback average dollar volume below minimum 20000000,501,2026-06-09T00:00:00,yfinance,,9221325.187684631,,
832,SOR,filtered_liquidity,fallback average dollar volume below minimum 20000000,501,2026-06-09T00:00:00,yfinance,,508060.1037158966,,
833,MDT,ranked,ranked and included in full_ranking.csv,506,2026-06-09T04:00:00+00:00,alpaca,,67225430.79,105252888576.0,60.23
834,FCRS,provider_partial,missing or insufficient price history after fallback,140,2026-06-09T00:00:00,yfinance,,,,
835,IPM,filtered_liquidity,price below minimum 5.0,506,2026-06-09T04:00:00+00:00,alpaca,,689.6120000000001,,
836,RSVR,filtered_liquidity,fallback average dollar volume below minimum 20000000,501,2026-06-09T00:00:00,yfinance,,778879.9790431976,,
837,RYZ,filtered_liquidity,fallback average dollar volume below minimum 20000000,501,2026-06-09T00:00:00,yfinance,,11138030.184143066,,
838,SNSE,filtered_liquidity,fallback average dollar volume below minimum 20000000,501,2026-06-09T00:00:00,yfinance,,735757.8048303127,,
839,MVST,filtered_liquidity,price below minimum 5.0,506,2026-06-09T04:00:00+00:00,alpaca,,304486.59624999994,,
840,CPAY,ranked,ranked and included in full_ranking.csv,501,2026-06-09T00:00:00,yfinance,,191404036.02,23389108224.0,74.91
841,AMWL,filtered_liquidity,fallback average dollar volume below minimum 20000000,501,2026-06-09T00:00:00,yfinance,,912556.7517392158,,
842,CB,ranked,ranked and included in full_ranking.csv,506,2026-06-09T04:00:00+00:00,alpaca,,26166555.44,126104952832.0,70.94
843,DMRA,filtered_liquidity,fallback average dollar volume below minimum 20000000,501,2026-06-09T00:00:00,yfinance,,8639009.206799317,,
844,STKS,filtered_liquidity,price below minimum 5.0,506,2026-06-09T04:00:00+00:00,alpaca,,2114.2835,,
845,OCG,filtered_liquidity,price below minimum 5.0,506,2026-06-09T04:00:00+00:00,alpaca,,9807.37475,,
846,UPWK,ranked,ranked and included in full_ranking.csv,501,2026-06-09T00:00:00,yfinance,,33016473.47,1089429888.0,34.76
847,ARKO,filtered_liquidity,fallback average dollar volume below minimum 20000000,501,2026-06-09T00:00:00,yfinance,,5890285.895073652,,
848,TRAK,filtered_liquidity,fallback average dollar volume below minimum 20000000,501,2026-06-09T00:00:00,yfinance,,852164.6165216923,,
849,AENT,filtered_liquidity,fallback average dollar volume below minimum 20000000,501,2026-06-09T00:00:00,yfinance,,197565.54890356064,,
850,ENTG,ranked,ranked and included in full_ranking.csv,506,2026-06-09T04:00:00+00:00,alpaca,,20729405.71,20461506560.0,46.58
851,TOL,ranked,ranked and included in full_ranking.csv,501,2026-06-09T00:00:00,yfinance,,155448537.71,13472910336.0,62.16
852,CCAQ,filtered_liquidity,fallback average dollar volume below minimum 20000000,248,2026-06-08T00:00:00,yfinance,,40841.89941883087,,
853,MYE,filtered_liquidity,fallback average dollar volume below minimum 20000000,501,2026-06-09T00:00:00,yfinance,,6538404.572486877,,
854,SVAQ,provider_partial,missing or insufficient price history after fallback,80,2026-06-08T00:00:00,yfinance,,,,
855,SRL,filtered_liquidity,fallback average dollar volume below minimum 20000000,500,2026-06-08T00:00:00,yfinance,,4404.300031661987,,
856,CCRN,filtered_liquidity,fallback average dollar volume below minimum 20000000,501,2026-06-09T00:00:00,yfinance,,10878734.932180976,,
857,AKBA,filtered_liquidity,price below minimum 5.0,506,2026-06-09T04:00:00+00:00,alpaca,,195134.827395,,
858,ERII,filtered_liquidity,fallback average dollar volume below minimum 20000000,501,2026-06-09T00:00:00,yfinance,,10067591.35262375,,
859,CANG,filtered_liquidity,price below minimum 5.0,506,2026-06-09T04:00:00+00:00,alpaca,,5993.71849,,
860,FDXF,provider_partial,missing or insufficient price history after fallback,10,2026-06-09T00:00:00,yfinance,,,,
861,MCY,ranked,ranked and included in full_ranking.csv,501,2026-06-09T00:00:00,yfinance,,25527726.99,5600344064.0,73.67
862,CRS,ranked,ranked and included in full_ranking.csv,506,2026-06-09T04:00:00+00:00,alpaca,,21579180.83,26023833600.0,76.26
863,MHH,filtered_liquidity,fallback average dollar volume below minimum 20000000,501,2026-06-09T00:00:00,yfinance,,150466.22659432888,,
864,FNV,ranked,ranked and included in full_ranking.csv,501,2026-06-09T00:00:00,yfinance,,184573588.8,40916230144.0,48.75
865,AUPH,filtered_liquidity,fallback average dollar volume below minimum 20000000,501,2026-06-09T00:00:00,yfinance,,19493914.58177166,,
866,GEV,ranked,ranked and included in full_ranking.csv,506,2026-06-09T04:00:00+00:00,alpaca,,105806595.06,247262707712.0,56.23
867,MTA,filtered_liquidity,fallback average dollar volume below minimum 20000000,501,2026-06-09T00:00:00,yfinance,,4023877.623051119,,
868,MAIN,ranked,ranked and included in full_ranking.csv,501,2026-06-09T00:00:00,yfinance,,38586493.03,4775958016.0,50.63
869,GOLF,ranked,ranked and included in full_ranking.csv,501,2026-06-09T00:00:00,yfinance,,27871127.97,5520476160.0,59.91
870,BALL,ranked,ranked and included in full_ranking.csv,501,2026-06-09T00:00:00,yfinance,,153091425.13,14425236480.0,50.9
871,PLTK,filtered_liquidity,price below minimum 5.0,506,2026-06-09T04:00:00+00:00,alpaca,,245882.62475000005,,
872,AG,ranked,ranked and included in full_ranking.csv,501,2026-06-09T00:00:00,yfinance,,262378577.09,8166948864.0,32.27
873,NCT,filtered_liquidity,price below minimum 5.0,301,2026-06-09T04:00:00+00:00,alpaca,,27670.480250000004,,
874,MEGL,filtered_liquidity,price below minimum 5.0,506,2026-06-09T04:00:00+00:00,alpaca,,287.98474999999996,,
875,NI,ranked,ranked and included in full_ranking.csv,501,2026-06-09T00:00:00,yfinance,,164016619.08,22212419584.0,52.18
876,FPS,provider_partial,missing or insufficient price history after fallback,86,2026-06-09T00:00:00,yfinance,,,,
877,IPAR,ranked,ranked and included in full_ranking.csv,501,2026-06-09T00:00:00,yfinance,,20851408.78,3102017024.0,62.85
878,ING,ranked,ranked and included in full_ranking.csv,501,2026-06-09T00:00:00,yfinance,,84777112.64,83938435072.0,66.77
879,TWG,filtered_liquidity,price below minimum 5.0,506,2026-06-09T04:00:00+00:00,alpaca,,875.8887500000001,,
880,PRDO,ranked,ranked and included in full_ranking.csv,501,2026-06-09T00:00:00,yfinance,,22099214.95,2152598528.0,58.91
881,USAS,filtered_liquidity,price below minimum 5.0,506,2026-06-09T04:00:00+00:00,alpaca,,1350325.6124999998,,
882,NTB,filtered_liquidity,fallback average dollar volume below minimum 20000000,501,2026-06-09T00:00:00,yfinance,,11668376.64792328,,
883,PCG,ranked,ranked and included in full_ranking.csv,501,2026-06-09T00:00:00,yfinance,,318458335.36,36512882688.0,55.08
884,KAPA,filtered_liquidity,price below minimum 5.0,434,2026-06-09T04:00:00+00:00,alpaca,,292.16110499999996,,
885,PHAR,filtered_liquidity,fallback average dollar volume below minimum 20000000,501,2026-06-09T00:00:00,yfinance,,159432.287666893,,
886,INUV,filtered_liquidity,price below minimum 5.0,506,2026-06-09T04:00:00+00:00,alpaca,,4616.247249999999,,
887,NWN,filtered_liquidity,fallback average dollar volume below minimum 20000000,501,2026-06-09T00:00:00,yfinance,,13603351.99426651,,
888,COKE,ranked,ranked and included in full_ranking.csv,501,2026-06-09T00:00:00,yfinance,,106996957.24,12320385024.0,56.57
889,ZION,ranked,ranked and included in full_ranking.csv,501,2026-06-09T00:00:00,yfinance,,83878135.69,9535963136.0,82.53
890,AZO,ranked,ranked and included in full_ranking.csv,506,2026-06-09T04:00:00+00:00,alpaca,,61492842.71,51361828864.0,44.98
891,STAA,ranked,ranked and included in full_ranking.csv,501,2026-06-09T00:00:00,yfinance,,32586714.7,1487182464.0,46.18
892,SABS,filtered_liquidity,price below minimum 5.0,506,2026-06-09T04:00:00+00:00,alpaca,,118897.60925000001,,
893,FBLA,filtered_liquidity,fallback average dollar volume below minimum 20000000,407,2026-06-09T00:00:00,yfinance,,1113754.9418043136,,
894,CTMX,filtered_liquidity,price below minimum 5.0,506,2026-06-09T04:00:00+00:00,alpaca,,573458.686,,
895,AON,ranked,ranked and included in full_ranking.csv,506,2026-06-09T04:00:00+00:00,alpaca,,31524045.74,70819979264.0,77.8
896,REI,filtered_liquidity,price below minimum 5.0,506,2026-06-09T04:00:00+00:00,alpaca,,378066.475,,
897,RBNE,filtered_liquidity,price below minimum 5.0,290,2026-06-09T04:00:00+00:00,alpaca,,3279.64275,,
898,CTVA,ranked,ranked and included in full_ranking.csv,501,2026-06-09T00:00:00,yfinance,,263816456.16,50168188928.0,51.78
899,AXTA,ranked,ranked and included in full_ranking.csv,501,2026-06-09T00:00:00,yfinance,,90485568.5,7030516224.0,66.54
900,DAR,ranked,ranked and included in full_ranking.csv,501,2026-06-09T00:00:00,yfinance,,125294737.39,9275000832.0,48.04
901,FTI,ranked,ranked and included in full_ranking.csv,506,2026-06-09T04:00:00+00:00,alpaca,,23665090.26,27267221504.0,58.73
902,RNGR,filtered_liquidity,fallback average dollar volume below minimum 20000000,501,2026-06-09T00:00:00,yfinance,,3314357.7772604944,,
903,BMNR,ranked,ranked and included in full_ranking.csv,254,2026-06-09T04:00:00+00:00,alpaca,,25789699.93,9227145216.0,19.7
904,KMTS,filtered_liquidity,fallback average dollar volume below minimum 20000000,317,2026-06-09T00:00:00,yfinance,,6103116.889721108,,
905,HCAT,filtered_liquidity,price below minimum 5.0,506,2026-06-09T04:00:00+00:00,alpaca,,140673.404,,
906,AUST,filtered_liquidity,price below minimum 5.0,506,2026-06-09T04:00:00+00:00,alpaca,,3301.737,,
907,EZRA,filtered_liquidity,price below minimum 5.0,506,2026-06-09T04:00:00+00:00,alpaca,,4423.8781,,
908,WCT,filtered_liquidity,price below minimum 5.0,422,2026-06-09T04:00:00+00:00,alpaca,,29869.477250000004,,
909,ASR,ranked,ranked and included in full_ranking.csv,501,2026-06-09T00:00:00,yfinance,,24182992.69,8352819200.0,38.81
910,WK,ranked,ranked and included in full_ranking.csv,501,2026-06-09T00:00:00,yfinance,,52072858.68,2720665344.0,38.99
911,INVX,filtered_liquidity,fallback average dollar volume below minimum 20000000,501,2026-06-09T00:00:00,yfinance,,13081400.18642578,,
912,WCC,ranked,ranked and included in full_ranking.csv,501,2026-06-09T00:00:00,yfinance,,192645842.16,17304848384.0,66.71
913,ACMR,ranked,ranked and included in full_ranking.csv,501,2026-06-09T00:00:00,yfinance,,154414198.6,5620674560.0,44.18
914,RMCF,filtered_liquidity,price below minimum 5.0,506,2026-06-09T04:00:00+00:00,alpaca,,1178.8925,,
915,SII,ranked,ranked and included in full_ranking.csv,501,2026-06-09T00:00:00,yfinance,,21492109.32,3044407040.0,48.15
916,NMTC,filtered_liquidity,price below minimum 5.0,506,2026-06-09T04:00:00+00:00,alpaca,,1822.8069999999996,,
917,BVS,filtered_liquidity,fallback average dollar volume below minimum 20000000,501,2026-06-09T00:00:00,yfinance,,6606633.553285504,,
918,EBAY,ranked,ranked and included in full_ranking.csv,506,2026-06-09T04:00:00+00:00,alpaca,,23243523.17,48245043200.0,70.09
919,THRY,filtered_liquidity,price below minimum 5.0,506,2026-06-09T04:00:00+00:00,alpaca,,205404.14950000003,,
920,LPX,ranked,ranked and included in full_ranking.csv,501,2026-06-09T00:00:00,yfinance,,74440701.27,5064504832.0,38.07
921,FC,filtered_liquidity,fallback average dollar volume below minimum 20000000,501,2026-06-09T00:00:00,yfinance,,1494874.8786101341,,
922,LNN,ranked,ranked and included in full_ranking.csv,501,2026-06-09T00:00:00,yfinance,,22384888.05,1197582464.0,49.31
923,DRI,ranked,ranked and included in full_ranking.csv,501,2026-06-09T00:00:00,yfinance,,201834004.28,23011227648.0,65.08
924,TILE,filtered_liquidity,fallback average dollar volume below minimum 20000000,501,2026-06-09T00:00:00,yfinance,,16523416.856758213,,
925,JANX,filtered_liquidity,fallback average dollar volume below minimum 20000000,501,2026-06-09T00:00:00,yfinance,,12819951.891224861,,
926,BELFA,ranked,ranked and included in full_ranking.csv,501,2026-06-09T00:00:00,yfinance,,28740426.15,3123297536.0,58.01
927,LPLA,ranked,ranked and included in full_ranking.csv,506,2026-06-09T04:00:00+00:00,alpaca,,23211699.86,23057459200.0,51.92
928,HDB,ranked,ranked and included in full_ranking.csv,501,2026-06-09T00:00:00,yfinance,,235274473.7,119526031360.0,45.75
929,CLDX,ranked,ranked and included in full_ranking.csv,501,2026-06-09T00:00:00,yfinance,,23143213.29,2323365376.0,33.12
930,LKFN,filtered_liquidity,fallback average dollar volume below minimum 20000000,501,2026-06-09T00:00:00,yfinance,,11422472.265740205,,
931,GLPI,ranked,ranked and included in full_ranking.csv,501,2026-06-09T00:00:00,yfinance,,99679683.47,13543668736.0,66.47
932,IPEX,filtered_liquidity,fallback average dollar volume below minimum 20000000,316,2026-06-09T00:00:00,yfinance,,102026.6292924881,,
933,AMS,filtered_liquidity,price below minimum 5.0,506,2026-06-09T04:00:00+00:00,alpaca,,1258.4285000000002,,
934,CZR,ranked,ranked and included in full_ranking.csv,501,2026-06-09T00:00:00,yfinance,,336679590.61,5998775808.0,59.34
935,NNNN,filtered_liquidity,fallback average dollar volume below minimum 20000000,328,2026-06-09T00:00:00,yfinance,,730562.5239458084,,
936,BNRG,filtered_liquidity,price below minimum 5.0,506,2026-06-09T04:00:00+00:00,alpaca,,7315.940250000002,,
937,WMB,ranked,ranked and included in full_ranking.csv,506,2026-06-09T04:00:00+00:00,alpaca,,28150748.63,87554441216.0,59.32
938,POR,ranked,ranked and included in full_ranking.csv,501,2026-06-09T00:00:00,yfinance,,63159628.69,5814275584.0,55.64
939,EE,filtered_liquidity,fallback average dollar volume below minimum 20000000,501,2026-06-09T00:00:00,yfinance,,10921041.781423569,,
940,NIVF,filtered_liquidity,price below minimum 5.0,506,2026-06-09T04:00:00+00:00,alpaca,,48104.029245000005,,
941,GTE,filtered_liquidity,fallback average dollar volume below minimum 20000000,501,2026-06-09T00:00:00,yfinance,,2668256.3238111497,,
942,GDRX,filtered_liquidity,price below minimum 5.0,506,2026-06-09T04:00:00+00:00,alpaca,,279201.034,,
943,FLGT,filtered_liquidity,fallback average dollar volume below minimum 20000000,501,2026-06-09T00:00:00,yfinance,,9211549.854335213,,
944,GOGO,filtered_liquidity,price below minimum 5.0,506,2026-06-09T04:00:00+00:00,alpaca,,329657.1675,,
945,GLXG,filtered_liquidity,price below minimum 5.0,436,2026-06-09T04:00:00+00:00,alpaca,,1663.656065,,
946,MKTW,filtered_liquidity,fallback average dollar volume below minimum 20000000,501,2026-06-09T00:00:00,yfinance,,408857.2385307312,,
947,NTR,ranked,ranked and included in full_ranking.csv,501,2026-06-09T00:00:00,yfinance,,171204843.61,31849562112.0,50.6
948,ATLO,filtered_liquidity,fallback average dollar volume below minimum 20000000,501,2026-06-09T00:00:00,yfinance,,2055000.3847268105,,
949,EMIS,provider_partial,missing or insufficient price history after fallback,157,2026-06-08T00:00:00,yfinance,,,,
950,AMPY,filtered_liquidity,price below minimum 5.0,506,2026-06-09T04:00:00+00:00,alpaca,,172293.13074999998,,
951,BPAC,provider_partial,missing or insufficient price history after fallback,106,2026-06-08T00:00:00,yfinance,,,,
952,MSLE,filtered_liquidity,average dollar volume below minimum 20000000,501,2026-06-09T00:00:00,yfinance,,208356.18845677376,,
953,ARE,ranked,ranked and included in full_ranking.csv,501,2026-06-09T00:00:00,yfinance,,98232958.25,9227569152.0,48.89
954,E,filtered_liquidity,fallback average dollar volume below minimum 20000000,501,2026-06-09T00:00:00,yfinance,,17744191.62107544,,
955,ATEX,ranked,ranked and included in full_ranking.csv,501,2026-06-09T00:00:00,yfinance,,22843759.54,1209207936.0,51.06
956,MORN,ranked,ranked and included in full_ranking.csv,501,2026-06-09T00:00:00,yfinance,,87160059.64,7022253568.0,65.24
957,DGXX,filtered_market_cap,market cap below minimum 1000000000 or unavailable,501,2026-06-09T00:00:00,yfinance,,113767238.09967077,533502560.0,
958,ALLO,filtered_liquidity,price below minimum 5.0,506,2026-06-09T04:00:00+00:00,alpaca,,753795.20375,,
959,QNST,filtered_liquidity,fallback average dollar volume below minimum 20000000,501,2026-06-09T00:00:00,yfinance,,11038894.371631812,,
960,AVT,ranked,ranked and included in full_ranking.csv,501,2026-06-09T00:00:00,yfinance,,122840057.06,7130353152.0,71.35
961,FRST,filtered_liquidity,fallback average dollar volume below minimum 20000000,501,2026-06-09T00:00:00,yfinance,,3107059.2486909865,,
962,XWEL,filtered_liquidity,price below minimum 5.0,506,2026-06-09T04:00:00+00:00,alpaca,,2830.5890000000004,,
963,VSTM,filtered_liquidity,price below minimum 5.0,506,2026-06-09T04:00:00+00:00,alpaca,,568784.35975,,
964,AD,ranked,ranked and included in full_ranking.csv,501,2026-06-09T00:00:00,yfinance,,20758995.44,4390437376.0,68.75
965,BLDP,filtered_liquidity,price below minimum 5.0,506,2026-06-09T04:00:00+00:00,alpaca,,3594853.95475,,
966,BZFD,filtered_liquidity,price below minimum 5.0,506,2026-06-09T04:00:00+00:00,alpaca,,160939.28100000002,,
967,LGN,provider_partial,missing or insufficient price history after fallback,186,2026-06-09T00:00:00,yfinance,,,,
968,MDAI,filtered_liquidity,price below minimum 5.0,506,2026-06-09T04:00:00+00:00,alpaca,,70148.83600000001,,
969,ITHA,provider_partial,missing or insufficient price history after fallback,98,2026-06-09T00:00:00,yfinance,,,,
970,SNDL,filtered_liquidity,price below minimum 5.0,506,2026-06-09T04:00:00+00:00,alpaca,,189900.5415,,
971,MBBC,filtered_liquidity,fallback average dollar volume below minimum 20000000,501,2026-06-09T00:00:00,yfinance,,234435.19421486853,,
972,CLNE,filtered_liquidity,price below minimum 5.0,506,2026-06-09T04:00:00+00:00,alpaca,,111805.99449999999,,
973,AVEX,provider_partial,missing or insufficient price history after fallback,37,2026-06-09T00:00:00,yfinance,,,,
974,PDCC,filtered_liquidity,fallback average dollar volume below minimum 20000000,475,2026-06-09T00:00:00,yfinance,,164345.91052417754,,
975,DJT,ranked,ranked and included in full_ranking.csv,501,2026-06-09T00:00:00,yfinance,,38206486.07,2259943168.0,24.0
976,THRM,filtered_liquidity,fallback average dollar volume below minimum 20000000,501,2026-06-09T00:00:00,yfinance,,9954179.175071334,,
977,SNTI,filtered_liquidity,price below minimum 5.0,506,2026-06-09T04:00:00+00:00,alpaca,,2581.9560750000005,,
978,NINE,filtered_liquidity,average dollar volume below minimum 20000000,506,2026-06-09T04:00:00+00:00,alpaca,,13920.69875,,
979,NWS,ranked,ranked and included in full_ranking.csv,501,2026-06-09T00:00:00,yfinance,,38467381.23,16929666048.0,69.47
980,RAL,ranked,ranked and included in full_ranking.csv,241,2026-06-09T00:00:00,yfinance,,119476035.8,7141335040.0,62.63
981,GPGI,ranked,ranked and included in full_ranking.csv,501,2026-06-09T00:00:00,yfinance,,25514470.58,3385581824.0,17.75
982,TBBB,ranked,ranked and included in full_ranking.csv,501,2026-06-09T00:00:00,yfinance,,36844871.23,4764640768.0,52.68
983,SSTI,filtered_liquidity,fallback average dollar volume below minimum 20000000,501,2026-06-09T00:00:00,yfinance,,830552.3827608585,,
984,P,ranked,ranked and included in full_ranking.csv,501,2026-06-09T00:00:00,yfinance,,328545375.76,23268345856.0,32.61
985,LB,ranked,ranked and included in full_ranking.csv,488,2026-06-09T00:00:00,yfinance,,27012780.02,5235616256.0,50.9
986,AADX,provider_partial,missing or insufficient price history after fallback,5,2026-06-09T00:00:00,yfinance,,,,
987,TIC,filtered_liquidity,fallback average dollar volume below minimum 20000000,329,2026-06-09T00:00:00,yfinance,,18124608.774077892,,
988,SMJF,provider_partial,missing or insufficient price history after fallback,128,2026-06-09T00:00:00,yfinance,,,,
989,BAH,ranked,ranked and included in full_ranking.csv,501,2026-06-09T00:00:00,yfinance,,158781679.67,9452760064.0,55.7
990,TVRD,filtered_liquidity,price below minimum 5.0,505,2026-06-09T04:00:00+00:00,alpaca,,5979.773,,
991,LARK,filtered_liquidity,fallback average dollar volume below minimum 20000000,501,2026-06-09T00:00:00,yfinance,,283042.08858737943,,
992,AFRI,filtered_liquidity,fallback average dollar volume below minimum 20000000,501,2026-06-09T00:00:00,yfinance,,157757.35808849335,,
993,TSLX,filtered_liquidity,fallback average dollar volume below minimum 20000000,501,2026-06-09T00:00:00,yfinance,,12464986.83780632,,
994,OMF,ranked,ranked and included in full_ranking.csv,501,2026-06-09T00:00:00,yfinance,,57188989.83,6446626816.0,58.73
995,USIO,filtered_liquidity,price below minimum 5.0,506,2026-06-09T04:00:00+00:00,alpaca,,1870.9392500000001,,
996,RF,ranked,ranked and included in full_ranking.csv,501,2026-06-09T00:00:00,yfinance,,304039448.68,24406654976.0,79.07
997,TEAD,filtered_liquidity,price below minimum 5.0,506,2026-06-09T04:00:00+00:00,alpaca,,8777.045609999997,,
998,AMG,ranked,ranked and included in full_ranking.csv,501,2026-06-09T00:00:00,yfinance,,108040710.66,9036101632.0,82.04
999,EQS,filtered_liquidity,price below minimum 5.0,505,2026-06-08T04:00:00+00:00,alpaca,,68.54350000000001,,
1000,NIQ,filtered_liquidity,fallback average dollar volume below minimum 20000000,222,2026-06-09T00:00:00,yfinance,,15915626.717074204,,
